seed,ll,error,runtime_s,converged,n_iter_run,warnings,model,fold_id
43,-140249.75892220947,,2.291051149368286,True,36,[],30m_hmm6,0
45,-140249.76088420738,,3.236521005630493,True,60,[],30m_hmm6,0
46,-138762.18564667116,,3.585592031478882,True,67,[],30m_hmm6,0
44,-138762.19263495837,,4.071748733520508,True,81,[],30m_hmm6,0
42,-119121.24155088677,,4.607428073883057,True,92,[],30m_hmm6,0
45,-140343.50703066876,,2.3449387550354004,True,27,[],30m_hmm6,1
46,-164996.4199172188,,2.8796589374542236,True,38,[],30m_hmm6,1
43,-139555.1245125566,,5.701643943786621,True,91,[],30m_hmm6,1
44,-140504.0645746701,,5.729118824005127,True,90,[],30m_hmm6,1
42,-165414.17216412234,,5.732715845108032,True,100,[],30m_hmm6,1
43,-158051.89937587784,,4.324426889419556,True,52,[],30m_hmm6,2
46,-157518.76635557928,,4.3974809646606445,True,50,[],30m_hmm6,2
42,-158400.02901517262,,4.5069756507873535,True,55,[],30m_hmm6,2
45,-153791.20373374803,,4.926319360733032,True,60,[],30m_hmm6,2
44,-157815.81776692608,,6.778351306915283,True,99,[],30m_hmm6,2
42,-207669.89802462494,,4.973555088043213,True,55,[],30m_hmm6,3
43,-178334.63002453736,,5.112445116043091,True,54,[],30m_hmm6,3
44,-175493.56658269762,,5.261077165603638,True,56,[],30m_hmm6,3
46,-174610.10592440545,,5.494846343994141,True,61,[],30m_hmm6,3
45,-174961.5958857175,,7.615771770477295,True,100,[],30m_hmm6,3
46,-190425.38007232713,,7.105516672134399,True,65,[],30m_hmm6,4
43,-190423.85529213562,,7.780528545379639,True,77,[],30m_hmm6,4
45,-225817.3251607626,,8.110472679138184,True,85,[],30m_hmm6,4
42,-190423.86151833236,,8.348283290863037,True,84,[],30m_hmm6,4
44,-190423.86143620548,,8.358457088470459,True,86,[],30m_hmm6,4
44,-205020.05608605195,,4.14558219909668,True,35,[],30m_hmm6,5
43,-203972.77281029013,,4.669386148452759,True,39,[],30m_hmm6,5
45,-243458.2337384765,,6.820645093917847,True,67,[],30m_hmm6,5
46,-243453.61413809587,,7.15454626083374,True,74,[],30m_hmm6,5
42,-243453.63506381,,7.327704191207886,True,76,[],30m_hmm6,5
45,-264201.7064481369,,7.117175579071045,True,57,[],30m_hmm6,6
46,-264201.7015642819,,8.910189151763916,True,74,[],30m_hmm6,6
42,-220349.9281926651,,9.001950740814209,True,69,[],30m_hmm6,6
43,-220869.20786101144,,11.223825216293335,True,100,[],30m_hmm6,6
44,-220864.45587311714,,11.364319562911987,True,100,[],30m_hmm6,6
42,-280748.31743772863,,8.848191976547241,True,69,[],30m_hmm6,7
43,-280747.5416942649,,9.415555000305176,True,74,[],30m_hmm6,7
45,-280748.3184787289,,9.451661586761475,True,74,[],30m_hmm6,7
46,-233780.09932500398,,12.029484272003174,True,100,[],30m_hmm6,7
44,-233776.06120538997,,12.106974601745605,True,100,[],30m_hmm6,7
42,-242936.64446331828,,5.453678131103516,True,33,[],30m_hmm6,8
44,-245972.34624322894,,8.400468826293945,True,59,[],30m_hmm6,8
43,-293641.9596395311,,8.875041961669922,True,69,[],30m_hmm6,8
45,-293641.9605342567,,9.572258234024048,True,74,[],30m_hmm6,8
46,-244979.21915384277,,11.881799459457397,True,100,[],30m_hmm6,8
46,-261024.46285854586,,11.770841598510742,True,77,[],30m_hmm6,9
43,-311419.02196467615,,12.010719060897827,True,79,[],30m_hmm6,9
45,-311419.0195129079,,12.42547082901001,True,86,[],30m_hmm6,9
44,-311419.0160172206,,13.420344114303589,True,96,[],30m_hmm6,9
42,-311418.0033956441,,13.611457109451294,True,100,[],30m_hmm6,9
46,-281889.7866346056,,3.3214497566223145,True,15,[],30m_hmm6,10
42,-276495.7239495641,,5.179835319519043,True,30,[],30m_hmm6,10
44,-290349.4575192617,,5.2394654750823975,True,30,[],30m_hmm6,10
45,-281865.4329031499,,8.838243961334229,True,66,[],30m_hmm6,10
43,-281865.4534791016,,9.154761791229248,True,70,[],30m_hmm6,10
46,-293301.15788635425,,3.399385452270508,True,13,[],30m_hmm6,11
44,-293253.85450744093,,7.6941306591033936,True,46,[],30m_hmm6,11
43,-293261.1780684413,,9.755160331726074,True,63,[],30m_hmm6,11
45,-352154.99358746514,,12.029417514801025,True,84,[],30m_hmm6,11
42,-352154.8728866229,,13.360482931137085,True,100,[],30m_hmm6,11
44,-302439.9030396754,,11.86731481552124,True,63,[],30m_hmm6,12
42,-302441.1168077651,,12.27865195274353,True,66,[],30m_hmm6,12
43,-302435.9291930876,,12.810670137405396,True,71,[],30m_hmm6,12
45,-363934.44429944514,,15.34272289276123,True,100,[],30m_hmm6,12
46,-363933.17263566965,,15.430621147155762,True,100,[],30m_hmm6,12
42,-305299.564880268,,6.574750900268555,True,32,[],30m_hmm6,13
46,-310598.8541781731,,9.408921480178833,True,50,[],30m_hmm6,13
44,-310600.41790597886,,9.748605012893677,True,51,[],30m_hmm6,13
45,-374543.11916206917,,14.818273305892944,True,100,[],30m_hmm6,13
43,-374542.67195977125,,14.898066520690918,True,100,[],30m_hmm6,13
43,-322459.804499949,,3.806520938873291,True,13,[],30m_hmm6,14
44,-318381.5851005797,,6.571995735168457,True,30,[],30m_hmm6,14
42,-318381.8367223175,,6.857301712036133,True,33,[],30m_hmm6,14
45,-318380.58632534166,,8.67350149154663,True,46,[],30m_hmm6,14
46,-391943.37976596225,,14.124001026153564,True,100,[],30m_hmm6,14
43,-336726.3012232121,,9.795191287994385,True,42,[],30m_hmm6,15
44,-340953.87428191066,,11.924840450286865,True,57,[],30m_hmm6,15
42,-415509.4295515571,,13.707970380783081,True,71,[],30m_hmm6,15
45,-415509.41981871775,,15.111257076263428,True,80,[],30m_hmm6,15
46,-415508.87479689816,,16.3151798248291,True,91,[],30m_hmm6,15
46,-358727.4340261811,,4.919858455657959,True,17,[],30m_hmm6,16
44,-354502.83065875265,,7.566984415054321,True,33,[],30m_hmm6,16
43,-358725.30688409664,,11.531116008758545,True,58,[],30m_hmm6,16
42,-437946.2999623527,,15.95308256149292,True,96,[],30m_hmm6,16
45,-437946.37358279235,,16.63522219657898,True,100,[],30m_hmm6,16
46,-380363.84311985853,,3.5510334968566895,True,11,[],30m_hmm6,17
42,-380423.7474787802,,13.472726583480835,True,63,[],30m_hmm6,17
45,-380423.74835697043,,16.732518434524536,True,82,[],30m_hmm6,17
44,-463807.8318714767,,18.5583713054657,True,100,[],30m_hmm6,17
43,-463807.7967224821,,18.891940116882324,True,100,[],30m_hmm6,17
45,-391784.0306481522,,7.8704493045806885,True,31,[],30m_hmm6,18
46,-485807.61909380835,,18.073877096176147,True,86,[],30m_hmm6,18
44,-370913.97460489994,,19.079208612442017,True,84,[],30m_hmm6,18
43,-485807.74953733647,,20.485177040100098,True,100,[],30m_hmm6,18
42,-485807.7491443621,,20.66697359085083,True,100,[],30m_hmm6,18
43,-408944.96468128165,,4.637705564498901,True,14,[],30m_hmm6,19
44,-408898.2398277641,,15.402551412582397,True,65,[],30m_hmm6,19
46,-503424.84348774754,,18.8655104637146,True,88,[],30m_hmm6,19
42,-503423.90621598903,,20.666123151779175,True,100,[],30m_hmm6,19
45,-503423.90572601376,,20.87225914001465,True,100,[],30m_hmm6,19
43,-422083.17807750043,,9.296904563903809,True,32,[],30m_hmm6,20
45,-418857.4374192049,,9.47275447845459,True,33,[],30m_hmm6,20
42,-421927.13543551706,,14.776217937469482,True,61,[],30m_hmm6,20
44,-522171.5131089099,,20.149620294570923,True,97,[],30m_hmm6,20
46,-522074.8919276246,,20.602638959884644,True,100,[],30m_hmm6,20
46,-432302.56514920073,,10.575345754623413,True,35,[],30m_hmm6,21
43,-434626.1541401103,,11.220921993255615,True,38,[],30m_hmm6,21
42,-432302.3948591472,,12.627811193466187,True,44,[],30m_hmm6,21
44,-539825.167265451,,19.056127786636353,True,86,[],30m_hmm6,21
45,-539827.8623473096,,20.837724447250366,True,100,[],30m_hmm6,21
45,-445905.469190393,,9.76961636543274,True,32,[],30m_hmm6,22
43,-445907.20735137764,,11.23694658279419,True,36,[],30m_hmm6,22
46,-447497.4396375405,,11.423532962799072,True,40,[],30m_hmm6,22
42,-447508.7806424513,,18.7983558177948,True,79,[],30m_hmm6,22
44,-558200.2724026168,,21.37467646598816,True,100,[],30m_hmm6,22
42,-463152.7037163745,,12.187679290771484,True,38,[],30m_hmm6,23
46,-462064.2859709424,,13.06557846069336,True,41,[],30m_hmm6,23
43,-463148.7220448955,,16.169285774230957,True,55,[],30m_hmm6,23
44,-579573.7007251314,,23.079821348190308,True,100,[],30m_hmm6,23
45,-579558.7784026975,,23.184065341949463,True,100,[],30m_hmm6,23
46,-476496.4271065032,,4.850098609924316,True,10,[],30m_hmm6,24
43,-598267.7099147501,,19.01892614364624,True,70,[],30m_hmm6,24
45,-598289.4034723913,,25.318318843841553,True,100,[],30m_hmm6,24
44,-598349.925961946,,26.058665990829468,True,100,[],30m_hmm6,24
42,-598337.6664695431,,26.146270513534546,True,100,[],30m_hmm6,24
43,-479589.99095311336,,11.5323805809021,True,31,[],30m_hmm6,25
42,-479589.96526580595,,11.870771169662476,True,34,[],30m_hmm6,25
44,-480109.34388606466,,12.941645860671997,True,39,[],30m_hmm6,25
46,-480108.86450417765,,14.077086687088013,True,44,[],30m_hmm6,25
45,-606167.4998999723,,22.9607253074646,True,100,[],30m_hmm6,25
43,-496068.61703066085,,15.043357133865356,True,39,[],30m_hmm6,26
44,-627869.8408878561,,28.87987756729126,True,87,[],30m_hmm6,26
42,-627870.2231203072,,30.290958881378174,True,100,[],30m_hmm6,26
45,-627870.2658160946,,31.662768125534058,True,100,[],30m_hmm6,26
46,-496025.2613557474,,32.119240283966064,True,100,[],30m_hmm6,26
44,-651536.2609200081,,22.696592330932617,True,62,[],30m_hmm6,27
42,-513209.22098571016,,28.73127770423889,True,83,[],30m_hmm6,27
45,-513209.2295298397,,29.892431020736694,True,83,[],30m_hmm6,27
46,-651536.2686606987,,32.802642583847046,True,100,[],30m_hmm6,27
43,-513161.6481221543,,32.9627890586853,True,100,[],30m_hmm6,27
43,-524752.8496464107,,13.644906282424927,True,33,[],30m_hmm6,28
42,-524753.6234388632,,14.268972396850586,True,35,[],30m_hmm6,28
44,-524083.8698500404,,26.60828995704651,True,90,[],30m_hmm6,28
45,-524083.8639569455,,27.74552893638611,True,92,[],30m_hmm6,28
46,-667224.1254155154,,28.002325534820557,True,100,[],30m_hmm6,28
42,-681282.7219613659,,33.644694089889526,True,100,[],30m_hmm6,29
46,-681239.0374593169,,33.92232871055603,True,100,[],30m_hmm6,29
45,-681239.181008908,,34.099112033843994,True,100,[],30m_hmm6,29
43,-534885.5378680066,,34.464781522750854,True,100,[],30m_hmm6,29
44,-534893.746208764,,34.95569825172424,True,100,[],30m_hmm6,29
43,-548747.3613624229,,22.65939974784851,True,54,[],30m_hmm6,30
45,-548254.7922314215,,34.61014938354492,True,100,[],30m_hmm6,30
46,-548251.448760594,,35.0198769569397,True,100,[],30m_hmm6,30
42,-700787.4524618704,,35.531097173690796,True,100,[],30m_hmm6,30
44,-548191.7280562633,,35.64254713058472,True,100,[],30m_hmm6,30
43,-563366.9574470051,,12.193589448928833,True,28,[],30m_hmm6,31
46,-720278.2403260835,,30.846360445022583,True,94,[],30m_hmm6,31
44,-720280.640354689,,32.18713426589966,True,100,[],30m_hmm6,31
42,-562173.4576310369,,33.357696294784546,True,100,[],30m_hmm6,31
45,-562174.0949224831,,33.78404998779297,True,100,[],30m_hmm6,31
42,-576047.3749113977,,17.906095504760742,True,44,[],30m_hmm6,32
46,-737844.8754445876,,33.710805892944336,True,95,[],30m_hmm6,32
43,-574774.0887426216,,35.43777370452881,True,100,[],30m_hmm6,32
44,-574773.8465020998,,35.63351368904114,True,100,[],30m_hmm6,32
45,-574723.2722054119,,36.51353979110718,True,100,[],30m_hmm6,32
43,-595553.6003558562,,22.229562282562256,True,53,[],30m_hmm6,33
42,-762737.3408004906,,35.731107234954834,True,100,[],30m_hmm6,33
44,-762731.2756494813,,35.95264196395874,True,100,[],30m_hmm6,33
46,-762773.9098134035,,36.45863962173462,True,100,[],30m_hmm6,33
45,-594388.9940414258,,37.910027742385864,True,100,[],30m_hmm6,33
43,-788159.1231956263,,28.353749752044678,True,69,[],30m_hmm6,34
44,-788201.1994072779,,37.923067808151245,True,100,[],30m_hmm6,34
42,-788160.1691019272,,38.15633726119995,True,100,[],30m_hmm6,34
46,-614554.1622616614,,39.1296706199646,True,100,[],30m_hmm6,34
45,-614554.1702777778,,40.2725305557251,True,100,[],30m_hmm6,34
44,-637061.0948288529,,36.890897274017334,True,89,[],30m_hmm6,35
46,-637141.1975323856,,38.61845374107361,True,94,[],30m_hmm6,35
42,-812812.7697151386,,39.06115770339966,True,100,[],30m_hmm6,35
45,-812803.1658901585,,39.26188659667969,True,100,[],30m_hmm6,35
43,-637061.1021893166,,39.921340465545654,True,100,[],30m_hmm6,35
44,-658439.6508203673,,15.752300024032593,True,31,[],30m_hmm6,36
43,-659674.852829461,,26.482599020004272,True,65,[],30m_hmm6,36
42,-658782.7761987015,,32.62229371070862,True,85,[],30m_hmm6,36
46,-837359.1377939872,,35.55893921852112,True,100,[],30m_hmm6,36
45,-658700.6156716928,,36.535300493240356,True,100,[],30m_hmm6,36
44,-682634.5178531497,,34.45787978172302,True,79,[],30m_hmm6,37
46,-682634.8491480551,,40.888869285583496,True,100,[],30m_hmm6,37
42,-682634.5227625924,,41.14119577407837,True,96,[],30m_hmm6,37
45,-682634.5161970028,,41.65520477294922,True,98,[],30m_hmm6,37
43,-682634.5230281617,,42.521639347076416,True,100,[],30m_hmm6,37
43,-889254.4829197911,,33.82777190208435,True,81,[],30m_hmm6,38
44,-700854.2321398767,,35.357348918914795,True,80,[],30m_hmm6,38
45,-900016.0039433489,,39.50346827507019,True,100,[],30m_hmm6,38
46,-700854.2448672786,,39.883819341659546,True,97,[],30m_hmm6,38
42,-700854.8536218108,,41.02264356613159,True,100,[],30m_hmm6,38
46,-722130.5698663513,,33.87057375907898,True,76,[],30m_hmm6,39
45,-913781.8316034217,,37.287604570388794,True,89,[],30m_hmm6,39
42,-722130.5705930992,,37.49171757698059,True,85,[],30m_hmm6,39
44,-722130.575627874,,39.77471566200256,True,96,[],30m_hmm6,39
43,-722130.6327263992,,41.5855598449707,True,100,[],30m_hmm6,39
44,-743490.4684684257,,14.87091326713562,True,28,[],30m_hmm6,40
46,-746345.576441216,,33.633511781692505,True,79,[],30m_hmm6,40
45,-746345.5788748688,,36.94479298591614,True,90,[],30m_hmm6,40
43,-746345.5743910015,,37.279234170913696,True,92,[],30m_hmm6,40
42,-941772.0709361583,,38.178566694259644,True,100,[],30m_hmm6,40
45,-762050.7293259205,,20.396181344985962,True,38,[],30m_hmm6,41
43,-764885.1288357776,,31.788004398345947,True,70,[],30m_hmm6,41
44,-764885.131006163,,35.56992220878601,True,80,[],30m_hmm6,41
42,-764885.1290488029,,36.01658272743225,True,81,[],30m_hmm6,41
46,-764885.1295937343,,36.59274077415466,True,86,[],30m_hmm6,41
44,-781354.836618658,,21.481634855270386,True,39,[],30m_hmm6,42
42,-784172.7035410444,,34.46150755882263,True,74,[],30m_hmm6,42
45,-992742.3885770915,,35.483047008514404,True,83,[],30m_hmm6,42
46,-992864.5872311329,,40.3116021156311,True,100,[],30m_hmm6,42
43,-1014299.9675227862,,40.89828443527222,True,100,[],30m_hmm6,42
45,-801610.5888302758,,27.084710597991943,True,51,[],30m_hmm6,43
46,-801611.1013293485,,28.14286470413208,True,54,[],30m_hmm6,43
42,-801611.3928926887,,29.839597940444946,True,61,[],30m_hmm6,43
43,-1016066.4673907877,,36.30261278152466,True,79,[],30m_hmm6,43
44,-1016068.0153738227,,40.888410329818726,True,100,[],30m_hmm6,43
46,-817523.0757971623,,18.805017709732056,True,35,[],30m_hmm6,44
45,-820026.7482698001,,24.574092388153076,True,51,[],30m_hmm6,44
42,-820027.8131267839,,25.79075789451599,True,57,[],30m_hmm6,44
43,-1041303.9086987167,,33.64317512512207,True,84,[],30m_hmm6,44
44,-1041308.2052581323,,37.915597915649414,True,100,[],30m_hmm6,44
46,-836528.194152105,,26.091712713241577,True,49,[],30m_hmm6,45
45,-838115.2056504969,,27.615195751190186,True,53,[],30m_hmm6,45
43,-1066027.2516464768,,34.13020205497742,True,78,[],30m_hmm6,45
42,-1066018.0677593134,,41.77415919303894,True,100,[],30m_hmm6,45
44,-1066016.707480329,,42.06071352958679,True,100,[],30m_hmm6,45
44,-855726.1309785411,,28.061649560928345,True,49,[],30m_hmm6,46
43,-855725.9626698735,,30.131571531295776,True,53,[],30m_hmm6,46
46,-1090292.287008665,,36.25085735321045,True,75,[],30m_hmm6,46
42,-1090334.0996514144,,43.996713161468506,True,100,[],30m_hmm6,46
45,-1090313.6823415924,,44.40734577178955,True,100,[],30m_hmm6,46
45,-874235.8457232538,,23.186474800109863,True,39,[],30m_hmm6,47
43,-874232.8906864763,,23.4105167388916,True,40,[],30m_hmm6,47
46,-874230.804421085,,23.406574487686157,True,40,[],30m_hmm6,47
42,-1114904.38294908,,40.858819007873535,True,96,[],30m_hmm6,47
44,-1114907.6715085541,,41.23737096786499,True,100,[],30m_hmm6,47
43,-889174.725953791,,18.74082088470459,True,29,[],30m_hmm6,48
46,-890991.6909757211,,24.63122868537903,True,44,[],30m_hmm6,48
44,-890990.8983271052,,25.55821394920349,True,45,[],30m_hmm6,48
45,-890031.1597751818,,25.83134150505066,True,46,[],30m_hmm6,48
42,-890992.205698418,,26.572357654571533,True,51,[],30m_hmm6,48
43,-906386.1897401719,,19.34147000312805,True,29,[],30m_hmm6,49
46,-908084.8321662077,,24.146610021591187,True,39,[],30m_hmm6,49
45,-908088.58651178,,25.838345289230347,True,44,[],30m_hmm6,49
44,-908088.9294828257,,27.674813747406006,True,50,[],30m_hmm6,49
42,-1160554.808616674,,41.65019130706787,True,100,[],30m_hmm6,49
43,-923722.1938584931,,29.11666965484619,True,50,[],30m_hmm6,50
44,-923722.1948301167,,33.981302976608276,True,58,[],30m_hmm6,50
42,-1181676.3504969697,,35.11178708076477,True,65,[],30m_hmm6,50
45,-1181676.353912591,,41.68338108062744,True,81,[],30m_hmm6,50
46,-1181676.3493637077,,41.78522872924805,True,83,[],30m_hmm6,50
43,-941544.1968238385,,27.161859035491943,True,44,[],30m_hmm6,51
44,-941544.8046483273,,31.979172945022583,True,52,[],30m_hmm6,51
46,-1205995.8626414295,,39.89361619949341,True,77,[],30m_hmm6,51
42,-1205995.863289321,,41.749820709228516,True,80,[],30m_hmm6,51
45,-1205995.8619312358,,46.43565630912781,True,96,[],30m_hmm6,51
46,-961091.15406664,,20.93461298942566,True,31,[],30m_hmm6,52
43,-961094.8982588165,,24.36898446083069,True,38,[],30m_hmm6,52
44,-1229666.3133006252,,39.135295391082764,True,77,[],30m_hmm6,52
42,-1229666.3150330612,,39.7501904964447,True,78,[],30m_hmm6,52
45,-1229666.4019357914,,46.84161138534546,True,100,[],30m_hmm6,52
44,-979722.9761426307,,20.40236234664917,True,28,[],30m_hmm6,53
46,-979725.451865756,,22.139918327331543,True,33,[],30m_hmm6,53
45,-981522.1776242151,,26.6155846118927,True,43,[],30m_hmm6,53
43,-981526.3788801553,,28.883757829666138,True,51,[],30m_hmm6,53
42,-945407.4191722709,,36.230754375457764,True,71,[],30m_hmm6,53
46,-997759.0034688241,,26.55502414703369,True,42,[],30m_hmm6,54
45,-996549.1170927156,,30.227542638778687,True,47,[],30m_hmm6,54
43,-997763.7052810937,,34.48343348503113,True,55,[],30m_hmm6,54
44,-1278887.0172027305,,42.329718351364136,True,81,[],30m_hmm6,54
42,-1278887.064598381,,49.778260469436646,True,100,[],30m_hmm6,54
46,-1014910.4378337731,,25.066807746887207,True,34,[],30m_hmm6,55
44,-1014913.9730195483,,29.041444301605225,True,44,[],30m_hmm6,55
42,-1014914.4880878929,,30.35728907585144,True,49,[],30m_hmm6,55
43,-1301627.2289299008,,42.990076541900635,True,81,[],30m_hmm6,55
45,-1301627.2298400006,,44.3855504989624,True,83,[],30m_hmm6,55
45,-1028777.8636138893,,27.02406668663025,True,42,[],30m_hmm6,56
44,-1028778.5101263523,,28.465396404266357,True,41,[],30m_hmm6,56
43,-1028384.5910222181,,31.180420875549316,True,48,[],30m_hmm6,56
42,-1028782.2516448381,,34.862977743148804,True,62,[],30m_hmm6,56
46,-1320109.402215177,,45.94081711769104,True,95,[],30m_hmm6,56
44,-1043170.0681591763,,34.19505429267883,True,49,[],30m_hmm6,57
43,-1043170.1552142982,,35.7493634223938,True,55,[],30m_hmm6,57
45,-1339079.724657602,,47.268725872039795,True,82,[],30m_hmm6,57
46,-1339079.725304501,,53.58386969566345,True,97,[],30m_hmm6,57
42,-1339080.8885312073,,53.61688160896301,True,100,[],30m_hmm6,57
44,-1052206.3520922568,,21.731674194335938,True,29,[],30m_hmm6,58
43,-1055815.9322729073,,33.36852502822876,True,54,[],30m_hmm6,58
45,-1055815.9861049918,,34.280726194381714,True,57,[],30m_hmm6,58
46,-1354135.8286749057,,39.879305362701416,True,74,[],30m_hmm6,58
42,-1039479.329472253,,49.635677337646484,True,96,[],30m_hmm6,58
42,-1070451.8824175003,,26.33781862258911,True,38,[],30m_hmm6,59
43,-1070452.943047584,,28.15628957748413,True,40,[],30m_hmm6,59
46,-1070454.1481932304,,34.15957164764404,True,54,[],30m_hmm6,59
45,-1070453.4574865876,,34.932353019714355,True,56,[],30m_hmm6,59
44,-1070454.1974613876,,39.31223154067993,True,66,[],30m_hmm6,59
45,-1084275.409992096,,41.215434074401855,True,55,[],30m_hmm6,60
44,-1084275.5664807376,,42.97170448303223,True,57,[],30m_hmm6,60
43,-1084275.5694583452,,49.22378849983215,True,71,[],30m_hmm6,60
46,-1391623.2573216343,,58.87629771232605,True,96,[],30m_hmm6,60
42,-1066568.1349327818,,64.02289485931396,True,100,[],30m_hmm6,60
46,-1100384.0224745702,,37.57526779174805,True,49,[],30m_hmm6,61
44,-1095823.8267069936,,37.979424238204956,True,45,[],30m_hmm6,61
45,-1100383.9929966812,,40.62296414375305,True,52,[],30m_hmm6,61
42,-1413524.7406391632,,45.048537492752075,True,66,[],30m_hmm6,61
43,-1100384.34169615,,45.5459520816803,True,64,[],30m_hmm6,61
43,-1108730.2473185419,,24.46820592880249,True,28,[],30m_hmm6,62
44,-1115410.5433323085,,37.20549011230469,True,49,[],30m_hmm6,62
46,-1431277.0665118124,,47.20009088516235,True,69,[],30m_hmm6,62
45,-1431277.109470673,,52.36723351478577,True,80,[],30m_hmm6,62
42,-1452929.4235857383,,57.95826196670532,True,100,[],30m_hmm6,62
46,-1126626.6410677682,,48.22884964942932,True,65,[],30m_hmm6,63
43,-1126626.6456678046,,50.81615495681763,True,67,[],30m_hmm6,63
45,-1126626.6446115256,,51.63835024833679,True,70,[],30m_hmm6,63
42,-1082361.5058985103,,61.20442605018616,True,92,[],30m_hmm6,63
44,-1111087.2942233775,,65.19473886489868,True,97,[],30m_hmm6,63
44,-1137247.767870789,,36.304073333740234,True,44,[],30m_hmm6,64
43,-1139820.2219090713,,55.45931887626648,True,75,[],30m_hmm6,64
46,-1139820.2232323291,,59.06509733200073,True,79,[],30m_hmm6,64
45,-1468639.4662579,,61.89422345161438,True,94,[],30m_hmm6,64
42,-1468639.677374735,,64.90679621696472,True,100,[],30m_hmm6,64
42,-1483417.8296932776,,51.960960388183594,True,67,[],30m_hmm6,65
44,-1151462.477344369,,54.86191415786743,True,68,[],30m_hmm6,65
43,-1483418.6400584604,,68.90914106369019,True,100,[],30m_hmm6,65
45,-1483418.2537689742,,69.00489783287048,True,100,[],30m_hmm6,65
46,-1483417.9130478809,,69.48999786376953,True,100,[],30m_hmm6,65
45,-1156223.7905282541,,39.63838982582092,True,48,[],30m_hmm6,66
42,-1163052.7511173284,,52.31461977958679,True,65,[],30m_hmm6,66
43,-1163052.7787575577,,53.33258128166199,True,68,[],30m_hmm6,66
46,-1498039.4720171469,,56.1990532875061,True,80,[],30m_hmm6,66
44,-1163052.8000938874,,58.81673860549927,True,81,[],30m_hmm6,66
45,-1166137.202850895,,25.331518411636353,True,28,[],30m_hmm6,67
43,-1166145.6766673438,,28.261364936828613,True,29,[],30m_hmm6,67
46,-1167393.1668530686,,36.8069794178009,True,48,[],30m_hmm6,67
42,-1174573.8895711135,,57.005929708480835,True,86,[],30m_hmm6,67
44,-1512885.4670917601,,59.74351763725281,True,100,[],30m_hmm6,67
44,-1178918.6142809098,,29.460235595703125,True,28,[],30m_hmm6,68
45,-1187397.7019097838,,46.192930936813354,True,60,[],30m_hmm6,68
42,-1187398.0030817266,,49.88035202026367,True,67,[],30m_hmm6,68
43,-1187397.9503632565,,53.176666021347046,True,72,[],30m_hmm6,68
46,-1530851.945231259,,63.205541372299194,True,100,[],30m_hmm6,68
43,-1192254.610745274,,25.895614862442017,True,28,[],30m_hmm6,69
42,-1192250.5034072385,,26.54357886314392,True,26,[],30m_hmm6,69
44,-1549556.7839427148,,63.537604331970215,True,98,[],30m_hmm6,69
46,-1549567.3795473054,,65.04711174964905,True,100,[],30m_hmm6,69
45,-1549563.4824754067,,65.23991870880127,True,100,[],30m_hmm6,69
43,-1207312.5431151846,,29.12699055671692,True,30,[],30m_hmm6,70
46,-1215033.9478057905,,66.68423318862915,True,91,[],30m_hmm6,70
44,-1215033.9521074533,,67.20834589004517,True,93,[],30m_hmm6,70
42,-1570378.1320865615,,69.07649159431458,True,100,[],30m_hmm6,70
45,-1570377.5915453767,,69.21126127243042,True,100,[],30m_hmm6,70
43,-1231261.0236199598,,52.114925384521484,True,60,[],30m_hmm6,71
44,-984409.9592549072,,59.734376668930054,True,64,[],30m_hmm6,71
42,-1231069.549448615,,74.5660171508789,True,94,[],30m_hmm6,71
45,-1592345.2464238687,,75.98068261146545,True,100,[],30m_hmm6,71
46,-1231069.5443105304,,76.88466882705688,True,93,[],30m_hmm6,71
44,-1247755.3411361638,,49.87569808959961,True,57,[],30m_hmm6,72
43,-1245005.7500895476,,50.13502049446106,True,57,[],30m_hmm6,72
46,-1611948.2777133037,,62.00766062736511,True,80,[],30m_hmm6,72
45,-1077065.6948676086,,68.50783729553223,True,88,[],30m_hmm6,72
42,-1245008.131292558,,72.17113542556763,True,98,[],30m_hmm6,72
42,-1257212.588020862,,26.278809070587158,True,26,[],30m_hmm6,73
46,-1264454.3867086484,,43.07872533798218,True,50,[],30m_hmm6,73
45,-1264452.5142535574,,49.86236596107483,True,62,[],30m_hmm6,73
44,-1264454.81859734,,54.730815410614014,True,70,[],30m_hmm6,73
43,-1264456.3466261288,,59.9307656288147,True,84,[],30m_hmm6,73
43,-1274658.5549410451,,28.02473759651184,True,27,[],30m_hmm6,74
44,-1660496.5839082582,,71.56961750984192,True,90,[],30m_hmm6,74
45,-1281507.005125204,,75.28765177726746,True,93,[],30m_hmm6,74
42,-1660493.8936717496,,75.48976588249207,True,100,[],30m_hmm6,74
46,-1660624.2917195733,,75.69057965278625,True,100,[],30m_hmm6,74
44,-1297238.5146625184,,50.6320960521698,True,54,[],30m_hmm6,75
45,-1297238.5833423364,,55.34883141517639,True,60,[],30m_hmm6,75
46,-1682721.949154323,,77.48595523834229,True,100,[],30m_hmm6,75
42,-1689114.1232024692,,78.09575414657593,True,100,[],30m_hmm6,75
43,-1682721.0179004415,,78.50349020957947,True,100,[],30m_hmm6,75
46,-1310249.064065906,,40.933401107788086,True,41,[],30m_hmm6,76
43,-1310252.8111581765,,44.74366497993469,True,49,[],30m_hmm6,76
42,-1310454.1487992052,,49.45813012123108,True,51,[],30m_hmm6,76
45,-1310266.3115598971,,52.53911113739014,True,61,[],30m_hmm6,76
44,-1286849.6047340594,,73.07775163650513,True,100,[],30m_hmm6,76
42,-1320690.3267932867,,31.3187096118927,True,29,[],30m_hmm6,77
46,-1328004.2405583595,,39.726890087127686,True,41,[],30m_hmm6,77
45,-1328022.069219252,,43.065202951431274,True,46,[],30m_hmm6,77
44,-1327831.7009230773,,52.21603846549988,True,65,[],30m_hmm6,77
43,-1327829.9134447793,,52.531113386154175,True,62,[],30m_hmm6,77
45,-1344542.7142694949,,47.352640867233276,True,48,[],30m_hmm6,78
43,-1344540.3892320697,,53.94140625,True,53,[],30m_hmm6,78
44,-1344560.1429889982,,56.202340602874756,True,61,[],30m_hmm6,78
46,-1747239.6144512147,,76.39666104316711,True,100,[],30m_hmm6,78
42,-1747318.6046819238,,76.62547993659973,True,100,[],30m_hmm6,78
46,-1359510.037240015,,43.394378662109375,True,46,[],30m_hmm6,79
43,-1359508.7840054105,,44.42715001106262,True,44,[],30m_hmm6,79
42,-1359531.9247155595,,51.51473569869995,True,59,[],30m_hmm6,79
44,-1768510.0131620658,,62.2775297164917,True,80,[],30m_hmm6,79
45,-1768510.005509645,,63.624061822891235,True,80,[],30m_hmm6,79
42,-1368941.1272508039,,55.82499289512634,True,54,[],30m_hmm6,80
44,-1367548.959726202,,62.105844020843506,True,64,[],30m_hmm6,80
43,-1789424.2661757437,,74.82188630104065,True,86,[],30m_hmm6,80
45,-1789432.1836893922,,82.94570875167847,True,100,[],30m_hmm6,80
46,-1789504.408334601,,83.0852370262146,True,100,[],30m_hmm6,80
46,-1391928.7133837617,,50.37817430496216,True,46,[],30m_hmm6,81
45,-1391935.9296623385,,53.576870918273926,True,50,[],30m_hmm6,81
43,-1391929.2416137075,,55.971596479415894,True,53,[],30m_hmm6,81
44,-1391931.018491572,,56.43885612487793,True,56,[],30m_hmm6,81
42,-1813123.4750561516,,76.68774461746216,True,100,[],30m_hmm6,81
45,-1321759.5510136548,,49.287259340286255,True,50,[],30m_hmm6,82
43,-1409618.0255417516,,49.58729338645935,True,51,[],30m_hmm6,82
46,-1409619.41554348,,49.61917805671692,True,50,[],30m_hmm6,82
44,-1837105.7570207745,,75.31399774551392,True,100,[],30m_hmm6,82
42,-1385503.826480839,,79.04257941246033,True,100,[],30m_hmm6,82
44,-1426751.376914401,,54.092735290527344,True,53,[],30m_hmm6,83
43,-1426758.241075662,,61.06684732437134,True,61,[],30m_hmm6,83
46,-1860220.8662940604,,69.06152677536011,True,77,[],30m_hmm6,83
42,-1860214.7327983822,,72.53791737556458,True,83,[],30m_hmm6,83
45,-1860215.129972702,,80.53936052322388,True,100,[],30m_hmm6,83
42,-1435136.1443889197,,33.361100912094116,True,29,[],30m_hmm6,84
45,-1442040.901541003,,42.37895441055298,True,40,[],30m_hmm6,84
46,-1441844.409228468,,45.84794998168945,True,47,[],30m_hmm6,84
44,-1441840.931969345,,49.43374586105347,True,51,[],30m_hmm6,84
43,-1880216.9260028228,,74.87473607063293,True,100,[],30m_hmm6,84
43,-1452794.0791961807,,35.27013278007507,True,26,[],30m_hmm6,85
42,-1459713.5034144227,,47.429975748062134,True,42,[],30m_hmm6,85
45,-1459718.6136184426,,52.87147235870361,True,46,[],30m_hmm6,85
44,-1459712.6507157742,,54.61466670036316,True,48,[],30m_hmm6,85
46,-1903657.0754960424,,69.45182275772095,True,84,[],30m_hmm6,85
43,-1476016.8163956972,,57.81715679168701,True,51,[],30m_hmm6,86
45,-1476010.3552603268,,59.275885343551636,True,50,[],30m_hmm6,86
46,-1925746.6996463258,,80.5636215209961,True,86,[],30m_hmm6,86
44,-1925807.358382611,,89.31982350349426,True,100,[],30m_hmm6,86
42,-1925746.6967490846,,89.89435648918152,True,99,[],30m_hmm6,86
44,-1485661.0374861155,,51.090941190719604,True,44,[],30m_hmm6,87
45,-1490025.9112828881,,51.184471130371094,True,46,[],30m_hmm6,87
46,-1490022.9003424253,,54.45715355873108,True,51,[],30m_hmm6,87
42,-1490033.8396650506,,55.00003409385681,True,50,[],30m_hmm6,87
43,-1490029.4731149094,,55.93970036506653,True,52,[],30m_hmm6,87
44,-1503016.747751119,,54.813863039016724,True,50,[],30m_hmm6,88
46,-1503015.0292102625,,57.88698720932007,True,55,[],30m_hmm6,88
43,-1503016.9911740026,,58.20922875404358,True,53,[],30m_hmm6,88
42,-1503015.8826340497,,60.81952691078186,True,53,[],30m_hmm6,88
45,-1965013.2596840183,,77.60639357566833,True,93,[],30m_hmm6,88
44,-1515932.7524169711,,58.28777718544006,True,53,[],30m_hmm6,89
45,-1515930.4993586196,,58.45651125907898,True,51,[],30m_hmm6,89
46,-1515932.3163450416,,62.028894901275635,True,57,[],30m_hmm6,89
43,-1515932.6647487036,,62.750481843948364,True,56,[],30m_hmm6,89
42,-1983693.9410619272,,83.97687101364136,True,100,[],30m_hmm6,89
43,-1524008.8237962073,,53.625871658325195,True,44,[],30m_hmm6,90
42,-1529264.7602428987,,65.32565569877625,True,58,[],30m_hmm6,90
46,-1529259.8108354334,,65.78778839111328,True,59,[],30m_hmm6,90
45,-2002751.6704756536,,86.29590225219727,True,100,[],30m_hmm6,90
44,-2002755.2247842867,,88.37995076179504,True,100,[],30m_hmm6,90
46,-1541000.3093759753,,58.781299114227295,True,49,[],30m_hmm6,91
42,-1541002.9898376698,,60.64122033119202,True,54,[],30m_hmm6,91
43,-1541002.096002814,,61.20945143699646,True,54,[],30m_hmm6,91
44,-1541002.411187321,,62.58092164993286,True,54,[],30m_hmm6,91
45,-2019351.5003273669,,76.11365985870361,True,81,[],30m_hmm6,91
42,-1556540.985275662,,57.38350176811218,True,49,[],30m_hmm6,92
46,-1556535.063768256,,58.270142555236816,True,47,[],30m_hmm6,92
45,-1556538.9629686368,,62.072258710861206,True,48,[],30m_hmm6,92
44,-1556539.393096027,,64.2267518043518,True,56,[],30m_hmm6,92
43,-2041317.0629098907,,84.50646877288818,True,98,[],30m_hmm6,92
44,-1573775.4483287714,,60.47753357887268,True,46,[],30m_hmm6,93
43,-1573776.0852498203,,63.70719361305237,True,50,[],30m_hmm6,93
42,-2064630.5149062544,,69.6660509109497,True,64,[],30m_hmm6,93
46,-2064630.5596266892,,87.6191577911377,True,95,[],30m_hmm6,93
45,-2064695.2629947031,,90.34179353713989,True,100,[],30m_hmm6,93
42,-1583529.55349069,,38.72456502914429,True,27,[],30m_hmm6,94
44,-1589117.5748050131,,54.76743698120117,True,48,[],30m_hmm6,94
46,-2085774.1782528246,,85.74358487129211,True,90,[],30m_hmm6,94
43,-2085774.208200571,,92.52856969833374,True,100,[],30m_hmm6,94
45,-1489403.8742013266,,94.23964214324951,True,100,[],30m_hmm6,94
42,-1597402.5931855647,,39.67665147781372,True,25,[],30m_hmm6,95
44,-1603530.8889600527,,51.91198015213013,True,44,[],30m_hmm6,95
46,-1603530.433242821,,54.78811025619507,True,47,[],30m_hmm6,95
43,-1603529.7051565931,,55.6281521320343,True,49,[],30m_hmm6,95
45,-2105603.2759779776,,85.45388412475586,True,100,[],30m_hmm6,95
43,-1615059.6339260307,,34.607605934143066,True,25,[],30m_hmm6,96
44,-1621230.8031409266,,51.04066610336304,True,41,[],30m_hmm6,96
46,-1621229.0039139148,,62.983399391174316,True,58,[],30m_hmm6,96
42,-2128631.2567869276,,78.69509172439575,True,85,[],30m_hmm6,96
45,-2128697.169586168,,88.0198221206665,True,100,[],30m_hmm6,96
44,-1639668.7245040755,,57.568310499191284,True,46,[],30m_hmm6,97
43,-1639666.1167300018,,61.33966588973999,True,49,[],30m_hmm6,97
42,-1639674.327620321,,77.45344376564026,True,69,[],30m_hmm6,97
46,-2153847.992899333,,94.07531428337097,True,100,[],30m_hmm6,97
45,-1537477.604825812,,99.18069505691528,True,99,[],30m_hmm6,97
42,-1653943.4924064241,,57.92703700065613,True,44,[],30m_hmm6,98
44,-1653943.698992252,,60.58697319030762,True,48,[],30m_hmm6,98
43,-2174468.901174116,,97.93260312080383,True,100,[],30m_hmm6,98
45,-2174465.6380979433,,98.60832285881042,True,100,[],30m_hmm6,98
46,-2174469.475484925,,101.51283574104309,True,100,[],30m_hmm6,98
43,-1666926.3356366581,,54.2326443195343,True,40,[],30m_hmm6,99
44,-1666927.258537322,,60.14314913749695,True,48,[],30m_hmm6,99
45,-1666923.7674310752,,62.83066534996033,True,50,[],30m_hmm6,99
46,-2193105.142123299,,95.01870059967041,True,100,[],30m_hmm6,99
42,-2193091.0754834237,,95.80941843986511,True,100,[],30m_hmm6,99
45,-1684234.663930865,,54.1859188079834,True,43,[],30m_hmm6,100
43,-1684236.4921835882,,59.89250445365906,True,47,[],30m_hmm6,100
46,-2216685.834223384,,78.72704982757568,True,74,[],30m_hmm6,100
44,-1614144.4516820796,,82.38210344314575,True,75,[],30m_hmm6,100
42,-2216781.0279585253,,93.42086672782898,True,100,[],30m_hmm6,100
