fold_id,model,timeframe,n_states,train_start,train_end,test_start,test_end,test_year,n_train,n_test,n_transitions,n_segments,transitions_per_1k_bars,transitions_per_day,transitions_per_hour,median_duration_minutes,mean_duration_minutes,min_duration_minutes,max_duration_minutes,pct_gt30m,pct_gt1h,pct_gt2h,pct_gt4h,pct_gt8h,pct_1bar,n_distinct_states_observed,n_distinct_labels_observed,n_distinct_labels_trained,max_state_occupancy_pct,state_occupancy,regime_labels_trained,train_ll,train_ll_per_obs,test_ll,test_ll_per_obs,best_seed,restart_spread,restart_spread_normalized,n_restarts_converged,n_restarts_failed,mean_stay_prob,median_stay_prob,trend_score_range,vol_score_range,fit_time_s,decode_time_s,failure_flags,status
0,5m_hmm4,5m,4,2017-09-01 00:00:00+00:00,2018-02-28 20:00:00+00:00,2018-03-01 00:00:00+00:00,2018-04-01 00:00:00+00:00,2018,44305,8928,1395,1396,156.25,45.005040887196145,1.875210036966506,20.0,31.977077363896846,5.0,325.0,34.885386819484246,12.320916905444127,2.5787965616045847,0.35816618911174786,0.0,17.908309455587393,4,4,4,40.66980286738352,"{0: 28.091397849462364, 1: 7.526881720430108, 2: 40.66980286738352, 3: 23.711917562724015}","{0: 'Downtrend / Mid-Vol', 1: 'Ranging / High-Vol', 2: 'Ranging / Low-Vol', 3: 'Uptrend / Mid-Vol'}",-849192.5042337324,-19.166967706437926,-167204.7912499127,-18.728135220644344,46,1.2296796841546893,1.448057628893332e-06,5,0,0.893242668774235,0.8882637605757191,0.8957423279575085,2.2116196322990653,26.95012879371643,0.023579835891723633,[],ok
1,5m_hmm4,5m,4,2017-09-01 00:00:00+00:00,2018-03-31 20:00:00+00:00,2018-04-01 00:00:00+00:00,2018-05-01 00:00:00+00:00,2018,53233,8640,894,895,103.47222222222221,29.803449473318672,1.2418103947216113,25.0,48.26815642458101,5.0,625.0,39.10614525139665,22.23463687150838,10.279329608938548,2.793296089385475,0.33519553072625696,16.64804469273743,4,4,4,69.82638888888889,"{0: 69.82638888888889, 1: 3.460648148148148, 2: 12.152777777777777, 3: 14.560185185185185}","{0: 'Ranging / Low-Vol', 1: 'Ranging / High-Vol', 2: 'Uptrend / Mid-Vol', 3: 'Downtrend / Mid-Vol'}",-1025929.1861531392,-19.272428496480366,-149013.20377136485,-17.246898584648708,44,0.004867959767580032,4.7449276551270645e-09,5,0,0.896044237898842,0.8895593845375618,0.9224113078892449,2.251387554227396,24.056386709213257,0.021863937377929688,[],ok
2,5m_hmm4,5m,4,2017-09-01 00:00:00+00:00,2018-04-30 20:00:00+00:00,2018-05-01 00:00:00+00:00,2018-06-01 00:00:00+00:00,2018,61873,8928,573,574,64.18010752688171,18.485941525708526,0.7702475635711884,35.0,77.77003484320558,5.0,1130.0,52.09059233449478,32.22996515679443,18.641114982578397,8.013937282229964,1.7421602787456445,9.059233449477352,4,4,4,78.49462365591397,"{0: 1.1088709677419355, 1: 7.582885304659498, 2: 78.49462365591397, 3: 12.813620071684587}","{0: 'Ranging / High-Vol', 1: 'Uptrend / Mid-Vol', 2: 'Ranging / Low-Vol', 3: 'Downtrend / Mid-Vol'}",-1181779.2276274178,-19.10007964099717,-128331.11128908304,-14.374004400658944,44,5.996424858691171,5.07406520482663e-06,5,0,0.9016858071549461,0.8992708491234636,0.8689687096382473,2.2220249283083477,23.660195112228394,0.024585485458374023,[],ok
3,5m_hmm4,5m,4,2017-09-01 00:00:00+00:00,2018-05-31 20:00:00+00:00,2018-06-01 00:00:00+00:00,2018-07-01 00:00:00+00:00,2018,70801,8405,372,375,44.25936942296252,12.40143535131381,0.5167264729714087,35.0,112.06666666666666,5.0,1210.0,52.26666666666666,36.53333333333333,23.733333333333334,14.133333333333335,5.866666666666666,8.266666666666666,4,4,4,82.35574063057703,"{0: 82.35574063057703, 1: 2.391433670434265, 2: 8.74479476502082, 3: 6.508030933967876}","{0: 'Ranging / Low-Vol', 1: 'Ranging / High-Vol', 2: 'Downtrend / Mid-Vol', 3: 'Uptrend / Mid-Vol'}",-1335620.1304137686,-18.864424660863104,-123862.15841984624,-14.736723190939468,43,0.00754838646389544,5.651596806613709e-09,5,0,0.9036989953138244,0.9032264431587677,0.8465630932869029,2.229934423593995,25.882030963897705,0.01581430435180664,[],ok
4,5m_hmm4,5m,4,2017-09-01 00:00:00+00:00,2018-06-30 20:00:00+00:00,2018-07-01 00:00:00+00:00,2018-08-01 00:00:00+00:00,2018,79206,8790,372,373,42.32081911262799,12.00134423658564,0.5000560098577349,45.0,117.828418230563,5.0,1345.0,56.83646112600537,35.388739946380696,22.5201072386059,13.136729222520108,6.434316353887399,5.361930294906166,4,4,4,82.5028441410694,"{0: 8.0773606370876, 1: 82.5028441410694, 2: 1.3083048919226392, 3: 8.111490329920363}","{0: 'Downtrend / Mid-Vol', 1: 'Ranging / Low-Vol', 2: 'Ranging / High-Vol', 3: 'Uptrend / Mid-Vol'}",-1472450.5055344414,-18.59013844322957,-112264.46372631035,-12.77183887671335,44,0.002021272201091051,1.3727267527796522e-09,5,0,0.9061320930624505,0.9106650193046437,0.8068265225392179,2.2328947112612636,24.82540535926819,0.015689373016357422,[],ok
5,5m_hmm4,5m,4,2017-09-01 00:00:00+00:00,2018-07-31 20:00:00+00:00,2018-08-01 00:00:00+00:00,2018-09-01 00:00:00+00:00,2018,87996,8928,653,654,73.14068100358423,21.066875770135542,0.8777864904223143,30.0,68.25688073394495,5.0,1180.0,49.84709480122324,27.981651376146786,12.538226299694188,5.81039755351682,1.529051987767584,6.269113149847094,4,4,4,68.53718637992831,"{0: 13.474462365591396, 1: 68.53718637992831, 2: 15.434587813620071, 3: 2.553763440860215}","{0: 'Downtrend / Mid-Vol', 1: 'Ranging / Low-Vol', 2: 'Uptrend / Mid-Vol', 3: 'Ranging / High-Vol'}",-1609432.9394762663,-18.289842032322678,-128793.29537881486,-14.425772331856503,42,0.0035367021337151527,2.1974833787520524e-09,5,0,0.9086664871788408,0.9140530376975342,0.7872371076451077,2.253104815830701,32.10568594932556,0.01756906509399414,[],ok
6,5m_hmm4,5m,4,2017-09-01 00:00:00+00:00,2018-08-31 20:00:00+00:00,2018-09-01 00:00:00+00:00,2018-10-01 00:00:00+00:00,2018,96924,8640,339,340,39.23611111111111,11.301308021761777,0.470887834240074,40.0,127.05882352941177,5.0,1370.0,52.94117647058824,37.94117647058823,25.882352941176475,14.117647058823529,7.0588235294117645,5.294117647058823,4,4,4,85.50925925925927,"{0: 85.50925925925927, 1: 1.3657407407407407, 2: 6.2615740740740735, 3: 6.863425925925926}","{0: 'Ranging / Low-Vol', 1: 'Ranging / High-Vol', 2: 'Uptrend / Mid-Vol', 3: 'Downtrend / Mid-Vol'}",-1760669.7486867378,-18.165467259778154,-99742.62823749355,-11.544285675635829,44,0.0015620512422174215,8.871915039049978e-10,5,0,0.9083469962032843,0.9129533098447771,0.7941349382557632,2.272690115067026,32.47150182723999,0.01851677894592285,[],ok
7,5m_hmm4,5m,4,2017-09-01 00:00:00+00:00,2018-09-30 20:00:00+00:00,2018-10-01 00:00:00+00:00,2018-11-01 00:00:00+00:00,2018,105564,8839,153,155,17.30965041294264,4.936036742466674,0.20566819760277807,35.0,285.1290322580645,5.0,4010.0,50.967741935483865,40.0,28.387096774193548,23.225806451612904,15.483870967741936,8.38709677419355,4,4,4,93.13270731983256,"{0: 2.7491797714673605, 1: 0.8598257721461704, 2: 3.2582871365539092, 3: 93.13270731983256}","{0: 'Uptrend / Mid-Vol', 1: 'Ranging / High-Vol', 2: 'Downtrend / Mid-Vol', 3: 'Ranging / Low-Vol'}",-1889903.603050419,-17.90291769022033,-94690.5681259499,-10.712814586033476,43,0.0021117711439728737,1.1173962209312408e-09,5,0,0.9096298570477814,0.9131272580101819,0.7869231949733724,2.286090510794475,34.573493242263794,0.022203445434570312,[],ok
8,5m_hmm4,5m,4,2017-09-01 00:00:00+00:00,2018-10-31 20:00:00+00:00,2018-11-01 00:00:00+00:00,2018-12-01 00:00:00+00:00,2018,114403,8509,489,491,57.468562698319424,16.30188679245283,0.6792452830188679,35.0,86.64969450101833,5.0,2970.0,50.91649694501018,28.920570264765782,8.757637474541752,4.480651731160896,2.8513238289205702,5.906313645621181,4,4,4,54.38946997296979,"{0: 54.38946997296979, 1: 16.888000940180987, 2: 11.446703490421905, 3: 17.275825596427314}","{0: 'Ranging / Low-Vol', 1: 'Uptrend / Mid-Vol', 2: 'Ranging / High-Vol', 3: 'Downtrend / Mid-Vol'}",-2009134.1284411303,-17.561900723242662,-122338.72938687452,-14.377568384871843,44,0.5022036368027329,2.4996023396028236e-07,5,0,0.9075560173476005,0.9102547081565839,0.7397072067977777,2.247979697611037,61.88388442993164,0.030181884765625,[],ok
9,5m_hmm4,5m,4,2017-09-01 00:00:00+00:00,2018-11-30 20:00:00+00:00,2018-12-01 00:00:00+00:00,2019-01-01 00:00:00+00:00,2018,122912,8928,967,968,108.31093189964159,31.197042679511593,1.299876778312983,30.0,46.11570247933884,5.0,380.0,49.17355371900827,23.863636363636363,5.8884297520661155,0.5165289256198348,0.0,4.648760330578512,4,4,4,35.59587813620072,"{0: 27.475358422939067, 1: 35.59587813620072, 2: 29.166666666666668, 3: 7.762096774193548}","{0: 'Ranging / Low-Vol', 1: 'Uptrend / Mid-Vol', 2: 'Downtrend / Mid-Vol', 3: 'Ranging / High-Vol'}",-2149145.4644819023,-17.48523711665177,-154581.2897336324,-17.314212559770656,46,0.001938456203788519,9.01966030603622e-10,5,0,0.9064813412911098,0.9079176271370145,0.7145947583063434,2.2258177787742084,54.043983697891235,0.03234124183654785,[],ok
10,5m_hmm4,5m,4,2017-09-01 00:00:00+00:00,2018-12-31 20:00:00+00:00,2019-01-01 00:00:00+00:00,2019-02-01 00:00:00+00:00,2019,131840,8928,354,355,39.6505376344086,11.42063403158956,0.4758597513162316,45.0,125.74647887323944,5.0,1135.0,54.08450704225351,36.056338028169016,25.070422535211268,15.211267605633802,7.042253521126761,6.197183098591549,4,4,4,84.17338709677419,"{0: 1.80331541218638, 1: 7.15725806451613, 2: 84.17338709677419, 3: 6.866039426523297}","{0: 'Ranging / High-Vol', 1: 'Uptrend / Mid-Vol', 2: 'Ranging / Low-Vol', 3: 'Downtrend / Mid-Vol'}",-2323867.0905725523,-17.626419072910743,-91864.24112206038,-10.289453530696727,43,0.005644017830491066,2.4287179991436162e-09,5,0,0.904690101630849,0.9063869526692078,0.7121779286487966,2.220110988138149,63.31901144981384,0.026688575744628906,[],ok
11,5m_hmm4,5m,4,2017-09-01 00:00:00+00:00,2019-01-31 20:00:00+00:00,2019-02-01 00:00:00+00:00,2019-03-01 00:00:00+00:00,2019,140768,8064,284,285,35.21825396825397,10.144115093637604,0.4226714622349001,60.0,141.47368421052633,5.0,2050.0,64.56140350877193,47.719298245614034,26.31578947368421,16.140350877192983,7.017543859649122,1.4035087719298245,4,3,3,73.98313492063492,"{0: 3.4722222222222223, 1: 73.98313492063492, 2: 1.4260912698412698, 3: 21.11855158730159}","{0: 'Ranging / Mid-Vol', 1: 'Ranging / Low-Vol', 2: 'Ranging / High-Vol', 3: 'Ranging / Low-Vol'}",-2437388.882805168,-17.314935800786884,-63639.56189914167,-7.891810751381656,45,12296.717563006096,0.005045037191132962,5,0,0.9378925155543397,0.9346374563388683,0.2044934180439633,2.4664058816991146,64.5794472694397,0.03147172927856445,"['no_uptrend_state', 'no_downtrend_state']",ok
12,5m_hmm4,5m,4,2017-09-01 00:00:00+00:00,2019-02-28 20:00:00+00:00,2019-03-01 00:00:00+00:00,2019-04-01 00:00:00+00:00,2019,148832,8809,184,186,20.887728459530027,5.936148762182144,0.2473395317575893,60.0,236.80107526881721,5.0,3180.0,62.903225806451616,41.39784946236559,30.107526881720432,23.655913978494624,13.440860215053762,2.1505376344086025,4,4,4,90.69133840390509,"{0: 4.415938244976728, 1: 90.69133840390509, 2: 4.631626745374049, 3: 0.26109660574412535}","{0: 'Uptrend / Mid-Vol', 1: 'Ranging / Low-Vol', 2: 'Downtrend / Mid-Vol', 3: 'Ranging / High-Vol'}",-2556427.492971687,-17.1765983993475,-65855.69456356418,-7.475955791073241,44,0.04607662232592702,1.8023833045374516e-08,5,0,0.9047956126672339,0.9046567424075052,0.6800816189762257,2.2024229235960138,93.48039078712463,0.015374422073364258,[],ok
13,5m_hmm4,5m,4,2017-09-01 00:00:00+00:00,2019-03-31 20:00:00+00:00,2019-04-01 00:00:00+00:00,2019-05-01 00:00:00+00:00,2019,157641,8640,477,478,55.20833333333333,15.901840490797545,0.6625766871165644,60.0,90.3765690376569,5.0,785.0,60.46025104602511,45.60669456066946,23.430962343096233,8.368200836820083,1.2552301255230125,2.301255230125523,4,3,3,44.4212962962963,"{0: 40.81018518518518, 1: 44.4212962962963, 2: 11.805555555555555, 3: 2.9629629629629632}","{0: 'Ranging / Low-Vol', 1: 'Ranging / Low-Vol', 2: 'Ranging / Mid-Vol', 3: 'Ranging / High-Vol'}",-2637112.428832713,-16.728594901280207,-102407.48290950737,-11.85271792934113,43,28598.06073799357,0.010844460185056337,5,0,0.9398722328783058,0.9369255719930754,0.2193958428240365,2.4621509204591456,80.28494572639465,0.0226285457611084,"['no_uptrend_state', 'no_downtrend_state']",ok
14,5m_hmm4,5m,4,2017-09-01 00:00:00+00:00,2019-04-30 20:00:00+00:00,2019-05-01 00:00:00+00:00,2019-06-01 00:00:00+00:00,2019,166281,8761,503,505,57.413537267435224,16.22762406183488,0.6761510025764534,50.0,86.74257425742574,5.0,705.0,60.0,42.57425742574257,21.584158415841586,9.306930693069306,0.7920792079207921,2.7722772277227725,4,3,3,48.05387512841,"{0: 48.05387512841, 1: 10.58098390594681, 2: 33.69478370049081, 3: 7.67035726515238}","{0: 'Ranging / Low-Vol', 1: 'Ranging / Low-Vol', 2: 'Ranging / Mid-Vol', 3: 'Ranging / High-Vol'}",-2770561.5719876844,-16.661925126669217,-145523.3134449673,-16.610354234101962,42,30373.755574747454,0.010963032145485368,5,0,0.9397547947809922,0.9372174270841473,0.22122868694858833,2.484086931222522,76.99114680290222,0.015171289443969727,"['no_uptrend_state', 'no_downtrend_state']",ok
15,5m_hmm4,5m,4,2017-09-01 00:00:00+00:00,2019-05-31 20:00:00+00:00,2019-06-01 00:00:00+00:00,2019-07-01 00:00:00+00:00,2019,175042,8567,483,484,56.37912921676199,16.101863641625187,0.6709109850677161,45.0,88.50206611570248,5.0,1335.0,58.88429752066116,41.735537190082646,25.206611570247933,7.231404958677685,1.4462809917355373,2.8925619834710745,4,3,3,47.95144157814871,"{0: 10.878954126298588, 1: 32.68355316913738, 2: 8.486051126415314, 3: 47.95144157814871}","{0: 'Ranging / High-Vol', 1: 'Ranging / Mid-Vol', 2: 'Ranging / Low-Vol', 3: 'Ranging / Low-Vol'}",-2940245.904955861,-16.797373801463998,-154347.91308901596,-18.016565085679463,43,28934.751521850005,0.009840929111772498,5,0,0.939615031605243,0.9376299280395158,0.22379423605654783,2.484918648784741,87.98263621330261,0.02135944366455078,"['no_uptrend_state', 'no_downtrend_state']",ok
16,5m_hmm4,5m,4,2017-09-01 00:00:00+00:00,2019-06-30 20:00:00+00:00,2019-07-01 00:00:00+00:00,2019-08-01 00:00:00+00:00,2019,183609,8928,584,585,65.41218637992833,18.84081998431724,0.7850341660132183,45.0,76.3076923076923,5.0,740.0,59.48717948717949,38.11965811965812,17.77777777777778,4.444444444444445,0.8547008547008548,1.8803418803418803,4,3,3,46.39336917562724,"{0: 13.384856630824373, 1: 6.899641577060931, 2: 46.39336917562724, 3: 33.32213261648745}","{0: 'Ranging / High-Vol', 1: 'Ranging / Low-Vol', 2: 'Ranging / Mid-Vol', 3: 'Ranging / Low-Vol'}",-3099773.920617801,-16.882472649041176,-182050.97931670505,-20.391014708412303,45,27735.81155861495,0.008947688531132316,5,0,0.9400772014026686,0.9375069480140581,0.22519770765157793,2.492046292603662,63.81826591491699,0.02337360382080078,"['no_uptrend_state', 'no_downtrend_state']",ok
17,5m_hmm4,5m,4,2017-09-01 00:00:00+00:00,2019-07-31 20:00:00+00:00,2019-08-01 00:00:00+00:00,2019-09-01 00:00:00+00:00,2019,192537,8785,596,598,67.8429140580535,19.227960120981294,0.8011650050408872,45.0,73.45317725752508,5.0,500.0,60.70234113712375,39.79933110367893,17.558528428093645,4.51505016722408,0.16722408026755853,2.341137123745819,4,3,3,58.61126920887877,"{0: 19.430848036425726, 1: 17.723392145702903, 2: 4.234490608992601, 3: 58.61126920887877}","{0: 'Ranging / Mid-Vol', 1: 'Ranging / Low-Vol', 2: 'Ranging / High-Vol', 3: 'Ranging / Low-Vol'}",-3280034.6446613814,-17.03586658492332,-137919.29735361802,-15.699407780719183,44,25888.6846315898,0.00789280828899978,5,0,0.9392295307234326,0.9368283971282222,0.22287235741146563,2.492408414990413,84.21290302276611,0.019036531448364258,"['no_uptrend_state', 'no_downtrend_state']",ok
18,5m_hmm4,5m,4,2017-09-01 00:00:00+00:00,2019-08-31 20:00:00+00:00,2019-09-01 00:00:00+00:00,2019-10-01 00:00:00+00:00,2019,201322,8640,521,522,60.300925925925924,17.368676930200255,0.7236948720916772,52.5,82.75862068965517,5.0,1185.0,61.68582375478927,42.337164750957854,20.306513409961685,5.363984674329502,1.3409961685823755,4.406130268199234,4,3,3,42.835648148148145,"{0: 42.835648148148145, 1: 41.770833333333336, 2: 12.418981481481481, 3: 2.974537037037037}","{0: 'Ranging / Low-Vol', 1: 'Ranging / Low-Vol', 2: 'Ranging / Mid-Vol', 3: 'Ranging / High-Vol'}",-3441221.032755557,-17.093119642937964,-112337.91099934392,-13.002073032331472,43,24737.32147085201,0.007188530244174291,5,0,0.9382359867522712,0.9364144166187611,0.23487594064602477,2.5000668654188565,74.29678297042847,0.03162264823913574,"['no_uptrend_state', 'no_downtrend_state']",ok
19,5m_hmm4,5m,4,2017-09-01 00:00:00+00:00,2019-09-30 20:00:00+00:00,2019-10-01 00:00:00+00:00,2019-11-01 00:00:00+00:00,2019,209962,8928,543,544,60.81989247311828,17.51809118404839,0.7299204660020163,50.0,82.05882352941177,5.0,590.0,60.29411764705882,42.64705882352941,21.875,7.352941176470589,0.5514705882352942,3.860294117647059,4,3,3,44.903673835125446,"{0: 4.155465949820789, 1: 36.861559139784944, 2: 14.079301075268818, 3: 44.903673835125446}","{0: 'Ranging / High-Vol', 1: 'Ranging / Low-Vol', 2: 'Ranging / Mid-Vol', 3: 'Ranging / Low-Vol'}",-3575884.0550842797,-17.031101128224535,-118459.08076803887,-13.268266215058118,44,26292.540873543825,0.007352738642675074,5,0,0.9376947799070803,0.9364210770149579,0.2503028603081743,2.5039167421550768,86.40726947784424,0.032796382904052734,"['no_uptrend_state', 'no_downtrend_state']",ok
20,5m_hmm4,5m,4,2017-09-01 00:00:00+00:00,2019-10-31 20:00:00+00:00,2019-11-01 00:00:00+00:00,2019-12-01 00:00:00+00:00,2019,218890,8494,509,511,59.92465269602072,16.96863062854497,0.7070262761893737,50.0,83.11154598825831,5.0,1005.0,60.07827788649707,41.878669275929546,21.135029354207436,5.6751467710371815,1.36986301369863,4.500978473581213,4,3,3,46.65646338591947,"{0: 14.904638568401223, 1: 35.15422651283259, 2: 46.65646338591947, 3: 3.2846715328467155}","{0: 'Ranging / Mid-Vol', 1: 'Ranging / Low-Vol', 2: 'Ranging / Low-Vol', 3: 'Ranging / High-Vol'}",-3716139.3848781106,-16.977200351218013,-104600.7345593466,-12.31466147390471,45,27479.803303282242,0.007394718135467241,5,0,0.9373932974778083,0.9363095329635676,0.24467475764450497,2.5156541307418445,91.65257787704468,0.027607440948486328,"['no_uptrend_state', 'no_downtrend_state']",ok
21,5m_hmm4,5m,4,2017-09-01 00:00:00+00:00,2019-11-30 20:00:00+00:00,2019-12-01 00:00:00+00:00,2020-01-01 00:00:00+00:00,2019,227384,8928,482,483,53.98745519713262,15.55012882267279,0.6479220342780329,55.0,92.4223602484472,5.0,1000.0,62.939958592132506,47.4120082815735,23.809523809523807,6.625258799171843,1.4492753623188406,3.3126293995859215,4,3,3,48.700716845878134,"{0: 10.797491039426523, 1: 38.36245519713262, 2: 48.700716845878134, 3: 2.139336917562724}","{0: 'Ranging / Mid-Vol', 1: 'Ranging / Low-Vol', 2: 'Ranging / Low-Vol', 3: 'Ranging / High-Vol'}",-3851779.123549904,-16.93953454750512,-102847.66706465592,-11.519675970503576,44,27683.9435684341,0.007187313363628137,5,0,0.9368834201237554,0.9357874304278417,0.23710817722986707,2.525467079467238,104.82754611968994,0.024559497833251953,"['no_uptrend_state', 'no_downtrend_state']",ok
22,5m_hmm4,5m,4,2017-09-01 00:00:00+00:00,2019-12-31 20:00:00+00:00,2020-01-01 00:00:00+00:00,2020-02-01 00:00:00+00:00,2020,236312,8928,562,563,62.94802867383513,18.13106306709981,0.7554609611291586,45.0,79.28952042628775,5.0,515.0,57.19360568383659,42.273534635879216,20.781527531083483,6.571936056838366,0.3552397868561279,3.374777975133215,4,3,3,48.14068100358423,"{0: 17.215501792114697, 1: 48.14068100358423, 2: 32.34767025089606, 3: 2.2961469534050183}","{0: 'Ranging / Mid-Vol', 1: 'Ranging / Low-Vol', 2: 'Ranging / Low-Vol', 3: 'Ranging / High-Vol'}",-3990077.0616905624,-16.884783936873973,-122752.51098417837,-13.749161176543277,44,28448.06601778511,0.007129703406212385,5,0,0.9369514085817395,0.9355168988217277,0.2311030028191854,2.5387409873299274,125.55296492576599,0.016085147857666016,"['no_uptrend_state', 'no_downtrend_state']",ok
23,5m_hmm4,5m,4,2017-09-01 00:00:00+00:00,2020-01-31 20:00:00+00:00,2020-02-01 00:00:00+00:00,2020-03-01 00:00:00+00:00,2020,245240,8176,521,523,63.72309197651664,17.9676685426895,0.7486528559453957,45.0,78.16443594646272,5.0,620.0,57.55258126195029,40.72657743785851,19.50286806883365,5.544933078393881,0.5736137667304015,4.97131931166348,4,3,3,54.80675146771037,"{0: 28.962818003913892, 1: 54.80675146771037, 2: 1.944716242661448, 3: 14.285714285714285}","{0: 'Ranging / Low-Vol', 1: 'Ranging / Low-Vol', 2: 'Ranging / High-Vol', 3: 'Ranging / Mid-Vol'}",-4144247.452090515,-16.8987418532479,-111754.47182728906,-13.668599783181147,43,27248.75384845957,0.006575078868592722,5,0,0.9365459060957968,0.9350431847796605,0.23754602121586607,2.552770409856993,122.84375524520874,0.0197293758392334,"['no_uptrend_state', 'no_downtrend_state']",ok
24,5m_hmm4,5m,4,2017-09-01 00:00:00+00:00,2020-02-29 20:00:00+00:00,2020-03-01 00:00:00+00:00,2020-04-01 00:00:00+00:00,2020,253416,8856,501,502,56.57181571815718,16.163100705724208,0.6734625294051753,50.0,88.20717131474103,5.0,1895.0,60.95617529880478,42.82868525896414,23.904382470119522,6.374501992031872,0.5976095617529881,2.3904382470119523,4,3,3,38.97922312556459,"{0: 9.033423667570009, 1: 23.543360433604335, 2: 38.97922312556459, 3: 28.44399277326107}","{0: 'Ranging / Low-Vol', 1: 'Ranging / High-Vol', 2: 'Ranging / Mid-Vol', 3: 'Ranging / Low-Vol'}",-4286705.274501097,-16.915685175762768,-209576.92391456582,-23.664964308329473,43,46752.79338973574,0.010906463214963386,5,0,0.9362147490893916,0.9350901753789367,0.23899510128006426,2.56281425899039,104.83822107315063,0.02503204345703125,"['no_uptrend_state', 'no_downtrend_state']",ok
25,5m_hmm4,5m,4,2017-09-01 00:00:00+00:00,2020-03-31 20:00:00+00:00,2020-04-01 00:00:00+00:00,2020-05-01 00:00:00+00:00,2020,262272,8563,577,579,67.38292654443536,19.235559671258248,0.8014816529690936,45.0,73.94645941278065,5.0,590.0,58.549222797927456,39.72366148531952,18.307426597582037,4.317789291882556,0.3454231433506045,3.1088082901554404,4,3,3,50.332827280158824,"{0: 4.8581104753007125, 1: 22.620576900618943, 2: 22.188485343921524, 3: 50.332827280158824}","{0: 'Ranging / High-Vol', 1: 'Ranging / Mid-Vol', 2: 'Ranging / Low-Vol', 3: 'Ranging / Low-Vol'}",-4376471.4397249045,-16.68676579934154,-136403.69001836792,-15.929427772786164,44,31603.892565366812,0.007221318132800009,5,0,0.9364450283868258,0.9355442755912644,0.2382205599890015,2.58218238515461,101.50674676895142,0.01569533348083496,"['no_uptrend_state', 'no_downtrend_state']",ok
26,5m_hmm4,5m,4,2017-09-01 00:00:00+00:00,2020-04-30 20:00:00+00:00,2020-05-01 00:00:00+00:00,2020-06-01 00:00:00+00:00,2020,270835,8928,641,642,71.79659498207886,20.67973563347149,0.8616556513946454,45.0,69.53271028037383,5.0,615.0,57.943925233644855,38.47352024922118,17.91277258566978,3.4267912772585665,0.1557632398753894,2.336448598130841,4,3,3,55.096326164874554,"{0: 13.508064516129032, 1: 55.096326164874554, 2: 4.155465949820789, 3: 27.24014336917563}","{0: 'Ranging / Low-Vol', 1: 'Ranging / Low-Vol', 2: 'Ranging / High-Vol', 3: 'Ranging / Mid-Vol'}",-4532312.072816077,-16.73458774831937,-151190.11392355448,-16.934376559537913,43,30222.391536941752,0.006668206216030392,5,0,0.9362316907281021,0.93521609700875,0.23034456720929422,2.5904411991890512,101.44949507713318,0.02156805992126465,"['no_uptrend_state', 'no_downtrend_state']",ok
27,5m_hmm4,5m,4,2017-09-01 00:00:00+00:00,2020-05-31 20:00:00+00:00,2020-06-01 00:00:00+00:00,2020-07-01 00:00:00+00:00,2020,279763,8551,538,539,62.91661793942228,17.935409190878573,0.7473087162866072,45.0,79.32282003710576,5.0,1130.0,57.14285714285714,40.816326530612244,19.29499072356215,5.009276437847866,1.2987012987012987,5.009276437847866,4,2,2,59.361478189685414,"{0: 32.28862121389311, 1: 1.6138463337621332, 2: 59.361478189685414, 3: 6.736054262659338}","{0: 'Ranging / Low-Vol', 1: 'Ranging / High-Vol', 2: 'Ranging / Low-Vol', 3: 'Ranging / High-Vol'}",-4700554.587961317,-16.801916579252143,-97290.57801125187,-11.377684248772292,43,28274.899208894,0.006015226220605841,5,0,0.9359229270201772,0.9343610349911655,0.23020590880623445,2.612309930697551,107.40650057792664,0.0077724456787109375,"['no_uptrend_state', 'no_downtrend_state']",ok
28,5m_hmm4,5m,4,2017-09-01 00:00:00+00:00,2020-06-30 20:00:00+00:00,2020-07-01 00:00:00+00:00,2020-08-01 00:00:00+00:00,2020,288314,8928,311,312,34.834229390681,10.033381875210036,0.4180575781337515,57.5,143.07692307692307,5.0,1850.0,63.141025641025635,45.51282051282051,28.205128205128204,18.58974358974359,8.012820512820513,5.769230769230769,4,2,2,70.21729390681004,"{0: 6.888440860215053, 1: 70.21729390681004, 2: 21.740591397849464, 3: 1.153673835125448}","{0: 'Ranging / High-Vol', 1: 'Ranging / Low-Vol', 2: 'Ranging / Low-Vol', 3: 'Ranging / High-Vol'}",-4826877.985139602,-16.741739857029494,-87489.90628717506,-9.799496671950612,45,29590.828689552844,0.006130428152659638,5,0,0.9362332307820227,0.9343636376207474,0.2298209074222105,2.6193825187295,119.55269956588745,0.01968073844909668,"['no_uptrend_state', 'no_downtrend_state']",ok
29,5m_hmm4,5m,4,2017-09-01 00:00:00+00:00,2020-07-31 20:00:00+00:00,2020-08-01 00:00:00+00:00,2020-09-01 00:00:00+00:00,2020,297242,8928,550,551,61.60394265232975,17.743922930435755,0.7393301221014897,45.0,81.01633393829401,5.0,825.0,58.802177858439194,40.653357531760435,19.056261343012704,6.715063520871143,0.5444646098003629,1.2704174228675136,4,2,2,52.37455197132617,"{0: 1.14247311827957, 1: 52.37455197132617, 2: 10.87589605734767, 3: 35.607078853046595}","{0: 'Ranging / High-Vol', 1: 'Ranging / Low-Vol', 2: 'Ranging / High-Vol', 3: 'Ranging / Low-Vol'}",-4949583.504573814,-16.65169627634659,-108037.61877789133,-12.100987766340875,43,35775.604745672084,0.007228003065836256,5,0,0.9368884065093191,0.9348772465079864,0.2206571122159154,2.6173872556566593,112.04722237586975,0.01598644256591797,"['no_uptrend_state', 'no_downtrend_state']",ok
30,5m_hmm4,5m,4,2017-09-01 00:00:00+00:00,2020-08-31 20:00:00+00:00,2020-09-01 00:00:00+00:00,2020-10-01 00:00:00+00:00,2020,306170,8640,487,488,56.36574074074075,16.235212408843616,0.6764671837018172,50.0,88.52459016393442,5.0,860.0,61.270491803278695,43.44262295081967,23.15573770491803,7.581967213114754,1.2295081967213115,2.8688524590163933,4,2,2,44.386574074074076,"{0: 40.0, 1: 44.386574074074076, 2: 13.715277777777779, 3: 1.8981481481481481}","{0: 'Ranging / Low-Vol', 1: 'Ranging / Low-Vol', 2: 'Ranging / High-Vol', 3: 'Ranging / High-Vol'}",-5098097.82251934,-16.65119973387118,-108799.75741479808,-12.59256451560163,45,34694.76671151072,0.0068054336969088445,5,0,0.9368455832682007,0.9346484767274155,0.22077868349780844,2.6318369554636822,99.59870553016663,0.03188633918762207,"['no_uptrend_state', 'no_downtrend_state']",ok
31,5m_hmm4,5m,4,2017-09-01 00:00:00+00:00,2020-09-30 20:00:00+00:00,2020-10-01 00:00:00+00:00,2020-11-01 00:00:00+00:00,2020,314810,8928,460,461,51.52329749103943,14.84037190545536,0.6183488293939733,45.0,96.83297180043384,5.0,2060.0,58.35140997830802,38.611713665943604,21.475054229934923,10.629067245119305,2.386117136659436,3.470715835140998,4,2,2,56.821236559139784,"{0: 56.821236559139784, 1: 31.25, 2: 10.887096774193548, 3: 1.0416666666666665}","{0: 'Ranging / Low-Vol', 1: 'Ranging / Low-Vol', 2: 'Ranging / High-Vol', 3: 'Ranging / High-Vol'}",-5243307.704432796,-16.65546743887677,-99894.56396121891,-11.188907253720757,45,32798.89699448366,0.006255382831481513,5,0,0.9370295093276968,0.9345548922709029,0.2199022743467395,2.6378532791527523,118.79165005683899,0.027310848236083984,"['no_uptrend_state', 'no_downtrend_state']",ok
32,5m_hmm4,5m,4,2017-09-01 00:00:00+00:00,2020-10-31 20:00:00+00:00,2020-11-01 00:00:00+00:00,2020-12-01 00:00:00+00:00,2020,323738,8581,541,543,63.04626500407878,18.035420766292393,0.751475865262183,45.0,79.0147329650092,5.0,585.0,57.4585635359116,38.12154696132597,19.70534069981584,7.18232044198895,0.7366482504604052,2.0257826887661143,4,2,2,54.06129821699103,"{0: 5.65202190886843, 1: 35.578603892320245, 2: 54.06129821699103, 3: 4.708075981820301}","{0: 'Ranging / Low-Vol', 1: 'Ranging / High-Vol', 2: 'Ranging / Low-Vol', 3: 'Ranging / High-Vol'}",-5379304.402672015,-16.61622794565981,-153092.5333870534,-17.840873253356648,44,34483.93406425603,0.006410482003421692,5,0,0.9371619980336398,0.9342697081263639,0.2217167651494248,2.648378349682421,116.92922759056091,0.03217148780822754,"['no_uptrend_state', 'no_downtrend_state']",ok
33,5m_hmm4,5m,4,2017-09-01 00:00:00+00:00,2020-11-30 20:00:00+00:00,2020-12-01 00:00:00+00:00,2021-01-01 00:00:00+00:00,2020,332319,8772,523,525,59.62152302781578,16.872857622941638,0.7030357342892348,50.0,83.54285714285714,5.0,540.0,61.142857142857146,41.523809523809526,21.142857142857142,8.190476190476192,0.38095238095238093,0.9523809523809524,4,2,2,45.371637026903784,"{0: 45.371637026903784, 1: 5.289557683538532, 2: 40.01367989056088, 3: 9.325125398996809}","{0: 'Ranging / Low-Vol', 1: 'Ranging / High-Vol', 2: 'Ranging / High-Vol', 3: 'Ranging / Low-Vol'}",-5555221.855157116,-16.716533978367522,-155919.7955331075,-17.774714493058312,43,29656.992057505995,0.0053385792378344565,5,0,0.9372193850924943,0.9339899139269325,0.22439058759049785,2.6505968995549587,115.66687297821045,0.01854848861694336,"['no_uptrend_state', 'no_downtrend_state']",ok
34,5m_hmm4,5m,4,2017-09-01 00:00:00+00:00,2020-12-31 20:00:00+00:00,2021-01-01 00:00:00+00:00,2021-02-01 00:00:00+00:00,2021,341091,8928,534,535,59.81182795698925,17.227736081550354,0.7178223367312646,40.0,83.4392523364486,5.0,1695.0,54.01869158878505,36.26168224299066,20.0,7.850467289719626,1.4953271028037385,1.4953271028037385,4,2,2,61.0103046594982,"{0: 0.5376344086021506, 1: 7.515681003584229, 2: 61.0103046594982, 3: 30.93637992831541}","{0: 'Ranging / Low-Vol', 1: 'Ranging / Low-Vol', 2: 'Ranging / High-Vol', 3: 'Ranging / High-Vol'}",-5733573.843568072,-16.809513717946448,-229534.59614323673,-25.709520177333864,45,56773.96201206371,0.009902019850281128,5,0,0.9371679439336542,0.9339323815980851,0.23346334493607526,2.6499166247243036,149.1109118461609,0.02132248878479004,"['no_uptrend_state', 'no_downtrend_state']",ok
35,5m_hmm4,5m,4,2017-09-01 00:00:00+00:00,2021-01-31 20:00:00+00:00,2021-02-01 00:00:00+00:00,2021-03-01 00:00:00+00:00,2021,350019,7985,507,509,63.49405134627427,18.109388565050228,0.7545578568770928,50.0,78.43811394891945,5.0,1240.0,61.8860510805501,40.078585461689585,19.842829076620824,5.304518664047151,0.3929273084479371,1.9646365422396856,4,2,2,58.22166562304321,"{0: 15.792110206637444, 1: 25.735754539762052, 2: 58.22166562304321, 3: 0.25046963055729493}","{0: 'Ranging / High-Vol', 1: 'Ranging / Low-Vol', 2: 'Ranging / High-Vol', 3: 'Ranging / Low-Vol'}",-5908686.718417428,-16.88104565300006,-175859.80791680168,-22.023770559399082,45,30082.97450593766,0.005091313169840053,5,0,0.9369872754015836,0.9348011947234995,0.23287202610685395,2.6244572285291774,105.48117351531982,0.011443138122558594,"['no_uptrend_state', 'no_downtrend_state']",ok
36,5m_hmm4,5m,4,2017-09-01 00:00:00+00:00,2021-02-28 20:00:00+00:00,2021-03-01 00:00:00+00:00,2021-04-01 00:00:00+00:00,2021,358004,8863,508,510,57.31693557486178,16.388932452111572,0.6828721855046488,50.0,86.8921568627451,5.0,1645.0,63.33333333333333,42.745098039215684,22.54901960784314,6.666666666666667,0.9803921568627451,1.7647058823529411,4,2,2,58.78370754823423,"{0: 4.63725600812366, 1: 35.03328444093422, 2: 1.5457520027078868, 3: 58.78370754823423}","{0: 'Ranging / High-Vol', 1: 'Ranging / Low-Vol', 2: 'Ranging / Low-Vol', 3: 'Ranging / High-Vol'}",-6079194.783204741,-16.98080128491509,-171661.75173729094,-19.36835741140595,45,28047.513732598163,0.004613688939542827,5,0,0.9368139282449195,0.9347853110178551,0.24074622979347546,2.614609812655412,141.53884434700012,0.030449867248535156,"['no_uptrend_state', 'no_downtrend_state']",ok
37,5m_hmm4,5m,4,2017-09-01 00:00:00+00:00,2021-03-31 20:00:00+00:00,2021-04-01 00:00:00+00:00,2021-05-01 00:00:00+00:00,2021,366867,8460,514,516,60.75650118203309,17.135316587568006,0.7139715244820002,50.0,81.97674418604652,5.0,655.0,61.82170542635659,42.248062015503876,21.705426356589147,5.62015503875969,0.7751937984496124,1.3565891472868217,4,2,2,50.57919621749409,"{0: 4.75177304964539, 1: 9.881796690307329, 2: 34.78723404255319, 3: 50.57919621749409}","{0: 'Ranging / High-Vol', 1: 'Ranging / Low-Vol', 2: 'Ranging / High-Vol', 3: 'Ranging / Low-Vol'}",-6275628.237260968,-17.10600363963226,-143367.36459937925,-16.94649699756256,43,23314.349122039042,0.0037150621803267803,5,0,0.9364758039531556,0.9348677388909066,0.2509085461161418,2.6086922962919616,123.53115439414978,0.016033172607421875,"['no_uptrend_state', 'no_downtrend_state']",ok
38,5m_hmm4,5m,4,2017-09-01 00:00:00+00:00,2021-04-30 20:00:00+00:00,2021-05-01 00:00:00+00:00,2021-06-01 00:00:00+00:00,2021,375327,8928,545,546,61.043906810035836,17.582614540159067,0.7326089391732944,40.0,81.75824175824175,5.0,1450.0,55.67765567765568,38.46153846153847,19.963369963369964,7.509157509157509,0.7326007326007326,2.380952380952381,4,2,2,51.81451612903226,"{0: 26.63530465949821, 1: 20.206093189964157, 2: 1.3440860215053763, 3: 51.81451612903226}","{0: 'Ranging / High-Vol', 1: 'Ranging / Low-Vol', 2: 'Ranging / Low-Vol', 3: 'Ranging / High-Vol'}",-6444618.001250568,-17.170675174582612,-217949.29315786576,-24.411883194205394,43,18899.155609949492,0.002932548617510323,5,0,0.9363609466405295,0.9348406942470744,0.25391655437930066,2.6103668801557998,148.73134303092957,0.032065629959106445,"['no_uptrend_state', 'no_downtrend_state']",ok
39,5m_hmm4,5m,4,2017-09-01 00:00:00+00:00,2021-05-31 20:00:00+00:00,2021-06-01 00:00:00+00:00,2021-07-01 00:00:00+00:00,2021,384255,8640,505,506,58.449074074074076,16.835281861326543,0.7014700775552726,50.0,85.37549407114625,5.0,625.0,60.079051383399204,40.11857707509881,21.936758893280633,8.102766798418973,0.9881422924901186,2.371541501976284,4,2,2,61.2037037037037,"{0: 61.2037037037037, 1: 10.636574074074074, 2: 0.06944444444444445, 3: 28.09027777777778}","{0: 'Ranging / High-Vol', 1: 'Ranging / High-Vol', 2: 'Ranging / Low-Vol', 3: 'Ranging / Low-Vol'}",-6595529.685491611,-17.16446028156201,-186812.7464335228,-21.621845652028103,42,21055.01680840552,0.0031923162827575294,5,0,0.9361036518135899,0.9350294058561024,0.2645415642746652,2.5960443322645363,155.50834035873413,0.012296915054321289,"['no_uptrend_state', 'no_downtrend_state']",ok
40,5m_hmm4,5m,4,2017-09-01 00:00:00+00:00,2021-06-30 20:00:00+00:00,2021-07-01 00:00:00+00:00,2021-08-01 00:00:00+00:00,2021,392895,8928,628,629,70.3405017921147,20.2603338187521,0.8441805757813374,45.0,70.9697933227345,5.0,585.0,57.39268680445151,37.67885532591415,17.011128775834656,3.97456279809221,0.3179650238473768,2.384737678855326,4,2,2,57.392473118279575,"{0: 57.392473118279575, 1: 3.673835125448029, 2: 27.542562724014335, 3: 11.391129032258064}","{0: 'Ranging / Low-Vol', 1: 'Ranging / High-Vol', 2: 'Ranging / High-Vol', 3: 'Ranging / Low-Vol'}",-6784441.552847323,-17.267823598791846,-151165.08687950452,-16.931573351198985,43,17110.612289165147,0.0025220369511450937,5,0,0.9354984049176626,0.9350833772659441,0.25944869675894966,2.582955699967247,167.7100055217743,0.03193330764770508,"['no_uptrend_state', 'no_downtrend_state']",ok
41,5m_hmm4,5m,4,2017-09-01 00:00:00+00:00,2021-07-31 20:00:00+00:00,2021-08-01 00:00:00+00:00,2021-09-01 00:00:00+00:00,2021,401823,8827,559,560,63.32842415316642,18.034278032933795,0.7514282513722415,50.0,78.8125,5.0,600.0,61.42857142857143,41.785714285714285,21.428571428571427,5.535714285714286,0.5357142857142857,2.857142857142857,4,2,2,59.578565764132776,"{0: 1.9372380197122465, 1: 59.578565764132776, 2: 8.24742268041237, 3: 30.236773535742607}","{0: 'Ranging / High-Vol', 1: 'Ranging / Low-Vol', 2: 'Ranging / Low-Vol', 3: 'Ranging / High-Vol'}",-6960807.459066154,-17.323068761783556,-147910.20466500038,-16.756565612892306,45,13140.682514791377,0.0018878100841126125,5,0,0.935384033311482,0.9346574944684547,0.25840798910782936,2.5899174681802526,164.28612399101257,0.028860092163085938,"['no_uptrend_state', 'no_downtrend_state']",ok
42,5m_hmm4,5m,4,2017-09-01 00:00:00+00:00,2021-08-31 20:00:00+00:00,2021-09-01 00:00:00+00:00,2021-10-01 00:00:00+00:00,2021,410650,8569,594,595,69.3196405648267,19.802291931936566,0.8250954971640235,45.0,72.00840336134453,5.0,570.0,58.655462184873954,38.31932773109244,18.319327731092436,4.369747899159663,0.16806722689075632,4.705882352941177,4,2,2,57.6730073520831,"{0: 11.51826350799393, 1: 25.63893103045863, 2: 5.169798109464349, 3: 57.6730073520831}","{0: 'Ranging / Low-Vol', 1: 'Ranging / High-Vol', 2: 'Ranging / High-Vol', 3: 'Ranging / Low-Vol'}",-7143788.037851846,-17.396293772925475,-147502.256038152,-17.213473688662855,45,6525.01307620015,0.0009133827937820838,5,0,0.9333726396940889,0.9262622721298092,0.23658411652956568,2.6327147648637044,196.22131609916687,0.026209354400634766,"['no_uptrend_state', 'no_downtrend_state']",ok
43,5m_hmm4,5m,4,2017-09-01 00:00:00+00:00,2021-09-30 20:00:00+00:00,2021-10-01 00:00:00+00:00,2021-11-01 00:00:00+00:00,2021,419219,8928,1068,1069,119.6236559139785,34.45547216310071,1.4356446734625292,30.0,41.75865294667914,5.0,375.0,44.71468662301216,19.363891487371376,4.20954162768943,0.4677268475210477,0.0,5.799812909260991,4,4,4,32.80689964157706,"{0: 32.80689964157706, 1: 32.03405017921147, 2: 29.905913978494624, 3: 5.253136200716845}","{0: 'Uptrend / Mid-Vol', 1: 'Ranging / Low-Vol', 2: 'Downtrend / Mid-Vol', 3: 'Ranging / High-Vol'}",-7309530.084937,-17.436065838945755,-140899.5415736208,-15.781758688801613,42,0.006637639366090298,9.080801760114114e-10,5,0,0.8978258090046725,0.8992446253697259,0.6980488959734523,2.1218381034381824,162.58256697654724,0.021552085876464844,[],ok
44,5m_hmm4,5m,4,2017-09-01 00:00:00+00:00,2021-10-31 20:00:00+00:00,2021-11-01 00:00:00+00:00,2021-12-01 00:00:00+00:00,2021,428147,8640,618,619,71.52777777777777,20.602384535247136,0.8584326889686306,40.0,69.78998384491115,5.0,735.0,56.70436187399031,36.995153473344104,15.993537964458804,4.68497576736672,0.48465266558966075,6.78513731825525,4,3,3,58.91203703703704,"{0: 23.703703703703706, 1: 2.7430555555555554, 2: 14.641203703703704, 3: 58.91203703703704}","{0: 'Ranging / Mid-Vol', 1: 'Ranging / High-Vol', 2: 'Ranging / Low-Vol', 3: 'Ranging / Low-Vol'}",-7480560.3260979755,-17.4719438092477,-137579.1955343051,-15.923518001655681,42,85.2061270577833,1.1390340207606974e-05,5,0,0.9322351569293714,0.925894202651872,0.24047379151180687,2.639904475756237,161.4333221912384,0.014765024185180664,"['no_uptrend_state', 'no_downtrend_state']",ok
45,5m_hmm4,5m,4,2017-09-01 00:00:00+00:00,2021-11-30 20:00:00+00:00,2021-12-01 00:00:00+00:00,2022-01-01 00:00:00+00:00,2021,436787,8928,1020,1021,114.24731182795699,32.906911616444496,1.3711213173518537,30.0,43.721841332027424,5.0,485.0,47.40450538687561,20.959843290891282,5.190989226248776,0.4897159647404506,0.0979431929480901,6.268364348677767,4,4,4,34.87903225806452,"{0: 29.63709677419355, 1: 28.864247311827956, 2: 6.619623655913978, 3: 34.87903225806452}","{0: 'Uptrend / Mid-Vol', 1: 'Ranging / Low-Vol', 2: 'Ranging / High-Vol', 3: 'Downtrend / Mid-Vol'}",-7647037.552887343,-17.50747516040391,-145228.8851984189,-16.266676209500325,44,0.012163451872766018,1.5906096692533414e-09,5,0,0.8967251773038785,0.8991170475666019,0.701768150246195,2.115748105198704,143.8363950252533,0.02647686004638672,[],ok
46,5m_hmm4,5m,4,2017-09-01 00:00:00+00:00,2021-12-31 20:00:00+00:00,2022-01-01 00:00:00+00:00,2022-02-01 00:00:00+00:00,2022,445715,8928,912,913,102.15053763440861,29.422650386468018,1.225943766102834,30.0,48.89375684556408,5.0,635.0,47.20700985761227,25.191675794085434,7.447973713033954,1.3143483023001095,0.21905805038335158,6.571741511500548,4,4,4,34.229390681003586,"{0: 28.965053763440864, 1: 34.229390681003586, 2: 9.520609318996415, 3: 27.284946236559136}","{0: 'Downtrend / Mid-Vol', 1: 'Ranging / Low-Vol', 2: 'Ranging / High-Vol', 3: 'Uptrend / Mid-Vol'}",-7819336.269448593,-17.543354541463923,-144674.71815861625,-16.204605528518844,42,0.006638345308601856,8.489653187750655e-10,5,0,0.8964632423902122,0.8991463889784912,0.7048800051902604,2.1174998603241524,150.02656078338623,0.03640270233154297,[],ok
47,5m_hmm4,5m,4,2017-09-01 00:00:00+00:00,2022-01-31 20:00:00+00:00,2022-02-01 00:00:00+00:00,2022-03-01 00:00:00+00:00,2022,454643,8064,880,881,109.12698412698413,31.432469304229194,1.3096862210095497,30.0,45.76617480136209,5.0,485.0,47.105561861521004,22.36095346197503,6.81044267877412,0.7945516458569807,0.11350737797956867,5.675368898978434,4,4,4,33.59375,"{0: 33.59375, 1: 9.213789682539684, 2: 28.819444444444443, 3: 28.373015873015873}","{0: 'Ranging / Low-Vol', 1: 'Ranging / High-Vol', 2: 'Uptrend / Mid-Vol', 3: 'Downtrend / Mid-Vol'}",-7990065.209650517,-17.574372000999723,-135951.47235821048,-16.85906155235745,44,0.0028353622183203697,3.548609609463234e-10,5,0,0.8963505028980983,0.8993110542000698,0.7079895245705948,2.1179008298871778,155.93287873268127,0.031681060791015625,[],ok
48,5m_hmm4,5m,4,2017-09-01 00:00:00+00:00,2022-02-28 20:00:00+00:00,2022-03-01 00:00:00+00:00,2022-04-01 00:00:00+00:00,2022,462707,8928,896,897,100.3584229390681,28.906463537582614,1.2044359807326088,30.0,49.76588628762542,5.0,775.0,48.60646599777034,22.630992196209586,6.577480490523968,1.89520624303233,0.4459308807134894,5.797101449275362,4,4,4,43.57078853046595,"{0: 43.57078853046595, 1: 24.65277777777778, 2: 25.85125448028674, 3: 5.925179211469534}","{0: 'Ranging / Low-Vol', 1: 'Downtrend / Mid-Vol', 2: 'Uptrend / Mid-Vol', 3: 'Ranging / High-Vol'}",-8144640.100403862,-17.60215449605012,-136842.17796051147,-15.327304879089546,46,0.0040677497163414955,4.994388537978235e-10,5,0,0.8961489587999167,0.8991839008825402,0.7105378869567327,2.1199200793317003,151.55898022651672,0.023607254028320312,[],ok
49,5m_hmm4,5m,4,2017-09-01 00:00:00+00:00,2022-03-31 20:00:00+00:00,2022-04-01 00:00:00+00:00,2022-05-01 00:00:00+00:00,2022,471635,8640,744,745,86.11111111111111,24.80287070262762,1.0334529459428174,30.0,57.986577181208055,5.0,1190.0,46.1744966442953,22.684563758389263,9.53020134228188,3.8926174496644297,1.0738255033557047,6.7114093959731544,4,4,4,55.3587962962963,"{0: 55.3587962962963, 1: 19.247685185185183, 2: 2.939814814814815, 3: 22.453703703703702}","{0: 'Ranging / Low-Vol', 1: 'Uptrend / Mid-Vol', 2: 'Ranging / High-Vol', 3: 'Downtrend / Mid-Vol'}",-8307492.154571194,-17.614240153023406,-119778.61841722328,-13.863266020511952,43,74.29662408865988,8.943327625988571e-06,5,0,0.8958527783941015,0.8990331519927031,0.711345820825777,2.1202939490575394,192.7602460384369,0.023258686065673828,[],ok
50,5m_hmm4,5m,4,2017-09-01 00:00:00+00:00,2022-04-30 20:00:00+00:00,2022-05-01 00:00:00+00:00,2022-06-01 00:00:00+00:00,2022,480275,8928,878,879,98.34229390681004,28.325753332586533,1.1802397221911056,30.0,50.784982935153586,5.0,1875.0,47.2127417519909,23.094425483503983,7.053469852104664,2.1615472127417523,0.5688282138794084,7.394766780432309,4,4,4,33.064516129032256,"{0: 14.49372759856631, 1: 25.806451612903224, 2: 26.63530465949821, 3: 33.064516129032256}","{0: 'Ranging / High-Vol', 1: 'Uptrend / Mid-Vol', 2: 'Downtrend / Mid-Vol', 3: 'Ranging / Low-Vol'}",-8458387.639272947,-17.611550964078802,-156726.95683766197,-17.55454265654816,44,0.002920147031545639,3.4523684135581243e-10,5,0,0.8958172801817281,0.8988752633029966,0.7128359895680045,2.12375292118696,151.5982882976532,0.019999265670776367,[],ok
51,5m_hmm4,5m,4,2017-09-01 00:00:00+00:00,2022-05-31 20:00:00+00:00,2022-06-01 00:00:00+00:00,2022-07-01 00:00:00+00:00,2022,489203,8640,924,925,106.94444444444444,30.803565227456883,1.2834818844773699,30.0,46.7027027027027,5.0,1180.0,43.24324324324324,20.54054054054054,6.702702702702703,1.7297297297297298,0.5405405405405406,7.891891891891892,4,4,4,27.662037037037035,"{0: 26.377314814814817, 1: 24.45601851851852, 2: 21.50462962962963, 3: 27.662037037037035}","{0: 'Ranging / Low-Vol', 1: 'Uptrend / Mid-Vol', 2: 'Ranging / High-Vol', 3: 'Downtrend / Mid-Vol'}",-8624340.59676893,-17.629369805109395,-168595.7403338903,-19.513395871978044,44,0.003712821751832962,4.3050500037347246e-10,5,0,0.8958597695437482,0.8991523734213054,0.7137783094463217,2.1233250345463994,138.49434781074524,0.0318455696105957,[],ok
52,5m_hmm4,5m,4,2017-09-01 00:00:00+00:00,2022-06-30 20:00:00+00:00,2022-07-01 00:00:00+00:00,2022-08-01 00:00:00+00:00,2022,497843,8928,1092,1093,122.31182795698925,35.22975243642881,1.467906351517867,30.0,40.84172003659652,5.0,350.0,44.00731930466606,18.48124428179323,4.300091491308326,0.5489478499542544,0.0,6.495882891125343,4,4,4,32.750896057347674,"{0: 31.171594982078854, 1: 32.750896057347674, 2: 9.890232974910393, 3: 26.187275985663085}","{0: 'Uptrend / Mid-Vol', 1: 'Downtrend / Mid-Vol', 2: 'Ranging / High-Vol', 3: 'Ranging / Low-Vol'}",-8789519.288836883,-17.65520312395049,-159345.1053486417,-17.847794057867574,44,74115.27354228869,0.00843223287949532,5,0,0.8958286800471615,0.8991988439891815,0.7158384491068648,2.1221952720366657,184.03824615478516,0.017291784286499023,[],ok
53,5m_hmm4,5m,4,2017-09-01 00:00:00+00:00,2022-07-31 20:00:00+00:00,2022-08-01 00:00:00+00:00,2022-09-01 00:00:00+00:00,2022,506771,8928,907,908,101.5905017921147,29.26134199619133,1.2192225831746386,30.0,49.16299559471366,5.0,955.0,45.15418502202643,22.24669603524229,7.929515418502203,1.4317180616740088,0.3303964757709251,5.286343612334802,4,4,4,48.924731182795696,"{0: 48.924731182795696, 1: 25.515232974910397, 2: 2.6881720430107525, 3: 22.871863799283155}","{0: 'Ranging / Low-Vol', 1: 'Downtrend / Mid-Vol', 2: 'Ranging / High-Vol', 3: 'Uptrend / Mid-Vol'}",-8966504.09299622,-17.693404107567755,-127631.32610865364,-14.295623444069628,42,28680.017246011645,0.0031985729274817093,5,0,0.8955800168723841,0.8987254714625117,0.71889771973958,2.1245032369035717,184.23256063461304,0.023779630661010742,[],ok
54,5m_hmm4,5m,4,2017-09-01 00:00:00+00:00,2022-08-31 20:00:00+00:00,2022-09-01 00:00:00+00:00,2022-10-01 00:00:00+00:00,2022,515699,8640,1021,1022,118.1712962962963,34.03727283250376,1.4182197013543232,30.0,42.27005870841487,5.0,635.0,43.737769080234834,18.199608610567513,5.283757338551859,0.8806262230919765,0.09784735812133072,7.045009784735812,4,4,4,36.898148148148145,"{0: 29.583333333333332, 1: 27.326388888888886, 2: 36.898148148148145, 3: 6.19212962962963}","{0: 'Uptrend / Mid-Vol', 1: 'Downtrend / Mid-Vol', 2: 'Ranging / Low-Vol', 3: 'Ranging / High-Vol'}",-9127665.457587348,-17.699598908641182,-142892.37729053685,-16.538469593812135,44,32142.92769960314,0.0035214839817430442,5,0,0.8953351248396608,0.898643364943977,0.7213674636143839,2.1266152179995306,206.9456548690796,0.019640207290649414,[],ok
55,5m_hmm4,5m,4,2017-09-01 00:00:00+00:00,2022-09-30 20:00:00+00:00,2022-10-01 00:00:00+00:00,2022-11-01 00:00:00+00:00,2022,524339,8928,680,681,76.16487455197132,21.937941077629663,0.9140808782345692,30.0,65.55066079295155,5.0,1275.0,46.40234948604993,27.75330396475771,12.481644640234949,4.405286343612335,1.908957415565345,6.607929515418502,4,4,4,70.62051971326166,"{0: 70.62051971326166, 1: 14.392921146953405, 2: 1.4224910394265233, 3: 13.564068100358423}","{0: 'Ranging / Low-Vol', 1: 'Downtrend / Mid-Vol', 2: 'Ranging / High-Vol', 3: 'Uptrend / Mid-Vol'}",-9289112.970716434,-17.71585361896871,-110236.60924613217,-12.34729046215638,42,0.003787107765674591,4.07693154084066e-10,5,0,0.895214783774035,0.8986537287130507,0.7215804572405808,2.1257247677887383,167.62344980239868,0.015953540802001953,[],ok
56,5m_hmm4,5m,4,2017-09-01 00:00:00+00:00,2022-10-31 20:00:00+00:00,2022-11-01 00:00:00+00:00,2022-12-01 00:00:00+00:00,2022,533267,8640,716,717,82.87037037037037,23.869429332098623,0.9945595555041091,30.0,60.2510460251046,5.0,1440.0,46.16457461645746,24.825662482566248,10.599721059972106,4.463040446304045,0.8368200836820083,6.5550906555090656,4,4,4,56.18055555555556,"{0: 16.11111111111111, 1: 17.5, 2: 10.208333333333334, 3: 56.18055555555556}","{0: 'Uptrend / Mid-Vol', 1: 'Downtrend / Mid-Vol', 2: 'Ranging / High-Vol', 3: 'Ranging / Low-Vol'}",-9434947.826244844,-17.692727707217667,-131413.46149438687,-15.209891376665146,44,0.0037448108196258545,3.9690848201715047e-10,5,0,0.895457530483512,0.8989775074403454,0.718975720102841,2.1253582572670733,178.0310115814209,0.022014141082763672,[],ok
57,5m_hmm4,5m,4,2017-09-01 00:00:00+00:00,2022-11-30 20:00:00+00:00,2022-12-01 00:00:00+00:00,2023-01-01 00:00:00+00:00,2022,541907,8928,345,346,38.64247311827957,11.130278929091519,0.46376162204547994,30.0,129.01734104046244,5.0,1950.0,49.13294797687861,36.41618497109826,24.277456647398843,14.450867052023122,6.9364161849710975,8.092485549132949,4,4,4,86.68234767025089,"{0: 5.320340501792114, 1: 86.68234767025089, 2: 1.0192652329749106, 3: 6.978046594982079}","{0: 'Uptrend / Mid-Vol', 1: 'Ranging / Low-Vol', 2: 'Ranging / High-Vol', 3: 'Downtrend / Mid-Vol'}",-9578226.464020878,-17.675037347775316,-101812.74022050241,-11.403756745127959,44,0.003962935879826546,4.1374422443577624e-10,5,0,0.8956953914685585,0.8992416579597668,0.7158243553840065,2.123976507366098,174.83154249191284,0.023545026779174805,[],ok
58,5m_hmm4,5m,4,2017-09-01 00:00:00+00:00,2022-12-31 20:00:00+00:00,2023-01-01 00:00:00+00:00,2023-02-01 00:00:00+00:00,2023,550835,8928,609,610,68.21236559139784,19.647361935700683,0.818640080654195,30.0,73.18032786885246,5.0,2190.0,46.557377049180324,25.73770491803279,10.819672131147541,5.245901639344262,2.459016393442623,5.409836065573771,4,4,4,69.24283154121864,"{0: 69.24283154121864, 1: 11.59274193548387, 2: 4.099462365591398, 3: 15.064964157706093}","{0: 'Ranging / Low-Vol', 1: 'Downtrend / Mid-Vol', 2: 'Ranging / High-Vol', 3: 'Uptrend / Mid-Vol'}",-9713625.633370617,-17.634365342381326,-118014.65226731381,-13.218487037109522,43,23218.10595737584,0.0023902615597631576,5,0,0.8963157756760898,0.8995917172170171,0.7086713492364173,2.1198123367348547,177.9639756679535,0.0158383846282959,[],ok
59,5m_hmm4,5m,4,2017-09-01 00:00:00+00:00,2023-01-31 20:00:00+00:00,2023-02-01 00:00:00+00:00,2023-03-01 00:00:00+00:00,2023,559763,8064,672,673,83.33333333333333,24.002976559593204,1.0001240233163833,30.0,59.91084695393759,5.0,1000.0,46.80534918276374,25.11144130757801,10.99554234769688,3.863298662704309,1.634472511144131,5.349182763744428,4,4,4,62.28918650793651,"{0: 16.716269841269842, 1: 17.24950396825397, 2: 3.7450396825396823, 3: 62.28918650793651}","{0: 'Uptrend / Mid-Vol', 1: 'Downtrend / Mid-Vol', 2: 'Ranging / High-Vol', 3: 'Ranging / Low-Vol'}",-9859257.516903434,-17.61327118245299,-106581.19903557314,-13.216914562943098,44,21245.43406889029,0.002154871604932274,5,0,0.8963539052575172,0.8995204319690957,0.7050398210231271,2.1173943317121124,194.91738867759705,0.018056154251098633,[],ok
60,5m_hmm4,5m,4,2017-09-01 00:00:00+00:00,2023-02-28 20:00:00+00:00,2023-03-01 00:00:00+00:00,2023-04-01 00:00:00+00:00,2023,567827,8851,867,868,97.95503332956729,27.97087487397782,1.1654531197490756,30.0,50.985023041474655,5.0,905.0,44.47004608294931,22.926267281105993,8.294930875576037,2.3041474654377883,0.6912442396313364,6.105990783410138,4,4,4,45.80273415433284,"{0: 23.997288441983958, 1: 45.80273415433284, 2: 8.778669076940458, 3: 21.421308326742743}","{0: 'Uptrend / Mid-Vol', 1: 'Ranging / Low-Vol', 2: 'Ranging / High-Vol', 3: 'Downtrend / Mid-Vol'}",-9995139.417616826,-17.602437745328817,-140324.9917028358,-15.854139837626912,46,18952.50587714091,0.0018961722378515674,5,0,0.8962859962704621,0.8995699619902284,0.7031251119041133,2.1145457884985865,197.0710289478302,0.03346657752990723,[],ok
61,5m_hmm4,5m,4,2017-09-01 00:00:00+00:00,2023-03-31 20:00:00+00:00,2023-04-01 00:00:00+00:00,2023-05-01 00:00:00+00:00,2023,576678,8640,667,668,77.19907407407408,22.23590693367288,0.9264961222363699,30.0,64.67065868263474,5.0,1430.0,45.808383233532936,25.0,11.526946107784433,5.239520958083832,1.1976047904191618,7.634730538922156,4,4,4,66.86342592592592,"{0: 14.872685185185187, 1: 2.9282407407407405, 2: 15.335648148148149, 3: 66.86342592592592}","{0: 'Uptrend / Mid-Vol', 1: 'Ranging / High-Vol', 2: 'Downtrend / Mid-Vol', 3: 'Ranging / Low-Vol'}",-10153593.968463115,-17.60704235025979,-112126.97257772615,-12.977658863162748,44,0.004180386662483215,4.117149725966414e-10,5,0,0.8960816117145537,0.8994211903003422,0.7019232240563058,2.113469045593848,170.65196561813354,0.01812744140625,[],ok
62,5m_hmm4,5m,4,2017-09-01 00:00:00+00:00,2023-04-30 20:00:00+00:00,2023-05-01 00:00:00+00:00,2023-06-01 00:00:00+00:00,2023,585318,8928,620,621,69.44444444444444,20.002240394309396,0.8334266830962248,30.0,71.8840579710145,5.0,1445.0,48.148148148148145,28.180354267310786,15.136876006441224,6.119162640901772,1.288244766505636,6.119162640901772,4,4,4,70.53091397849462,"{0: 70.53091397849462, 1: 1.825716845878136, 2: 13.911290322580644, 3: 13.732078853046595}","{0: 'Ranging / Low-Vol', 1: 'Ranging / High-Vol', 2: 'Downtrend / Mid-Vol', 3: 'Uptrend / Mid-Vol'}",-10292811.887467876,-17.58499121412271,-111191.99738772486,-12.454300782675276,46,18878.08013625443,0.001834103289038017,5,0,0.8962176425414667,0.899458627283358,0.6981491205947112,2.1108723239561598,244.40201592445374,0.02393198013305664,[],ok
63,5m_hmm4,5m,4,2017-09-01 00:00:00+00:00,2023-05-31 20:00:00+00:00,2023-06-01 00:00:00+00:00,2023-07-01 00:00:00+00:00,2023,594246,8640,620,621,71.75925925925925,20.669058918856347,0.8612107882856811,30.0,69.56521739130434,5.0,1035.0,48.953301127214175,29.629629629629626,13.687600644122384,5.152979066022544,2.254428341384863,7.246376811594203,4,4,4,68.11342592592592,"{0: 15.474537037037036, 1: 3.0439814814814814, 2: 68.11342592592592, 3: 13.368055555555555}","{0: 'Uptrend / Mid-Vol', 1: 'Ranging / High-Vol', 2: 'Ranging / Low-Vol', 3: 'Downtrend / Mid-Vol'}",-10435846.607776351,-17.561492391663304,-113091.34363214439,-13.089275883350044,43,7745.1845171730965,0.0007421711729072093,5,0,0.8965453391194577,0.8995544860118159,0.6952073508047947,2.1100108834265043,235.30005025863647,0.020661115646362305,[],ok
64,5m_hmm4,5m,4,2017-09-01 00:00:00+00:00,2023-06-30 20:00:00+00:00,2023-07-01 00:00:00+00:00,2023-08-01 00:00:00+00:00,2023,602886,8928,396,397,44.35483870967742,12.775624509913744,0.5323176879130727,30.0,112.44332493702771,5.0,2460.0,46.85138539042821,31.48614609571788,18.89168765743073,12.34256926952141,6.297229219143577,7.8085642317380355,4,4,4,84.65501792114696,"{0: 7.594086021505377, 1: 7.078853046594983, 2: 0.6720430107526881, 3: 84.65501792114696}","{0: 'Downtrend / Mid-Vol', 1: 'Uptrend / Mid-Vol', 2: 'Ranging / High-Vol', 3: 'Ranging / Low-Vol'}",-10576607.69565536,-17.543296237854854,-101080.63922739195,-11.321756185863794,44,0.006818907335400581,6.447159175811768e-10,5,0,0.896861209111847,0.8996093652158852,0.6936715768449362,2.1105833657374795,210.6262547969818,0.02410602569580078,[],ok
65,5m_hmm4,5m,4,2017-09-01 00:00:00+00:00,2023-07-31 20:00:00+00:00,2023-08-01 00:00:00+00:00,2023-09-01 00:00:00+00:00,2023,611814,8928,356,357,39.87455197132617,11.485157387700236,0.4785482244875098,30.0,125.04201680672269,5.0,2850.0,49.57983193277311,32.49299719887955,20.72829131652661,10.92436974789916,5.88235294117647,7.002801120448179,4,4,4,82.38127240143369,"{0: 9.643817204301076, 1: 1.5120967741935485, 2: 6.462813620071685, 3: 82.38127240143369}","{0: 'Downtrend / Mid-Vol', 1: 'Ranging / High-Vol', 2: 'Uptrend / Mid-Vol', 3: 'Ranging / Low-Vol'}",-10708061.979321936,-17.502152581212485,-107673.23049485183,-12.060173666538063,45,7849.914600336924,0.0007330845315889741,5,0,0.8975667528635998,0.899802126538167,0.6862910502441599,2.10655535203186,254.8812313079834,0.02774357795715332,[],ok
66,5m_hmm4,5m,4,2017-09-01 00:00:00+00:00,2023-08-31 20:00:00+00:00,2023-09-01 00:00:00+00:00,2023-10-01 00:00:00+00:00,2023,620742,8640,370,371,42.824074074074076,12.334760967704595,0.5139483736543581,30.0,116.44204851752022,5.0,3320.0,48.517520215633425,29.919137466307276,17.52021563342318,9.433962264150944,4.8517520215633425,5.929919137466308,4,4,4,81.44675925925927,"{0: 81.44675925925927, 1: 0.5902777777777778, 2: 9.409722222222221, 3: 8.55324074074074}","{0: 'Ranging / Low-Vol', 1: 'Ranging / High-Vol', 2: 'Downtrend / Mid-Vol', 3: 'Uptrend / Mid-Vol'}",-10836952.888044868,-17.45806291187783,-93360.0480874313,-10.805561121230475,44,0.004698708653450012,4.3358208732581495e-10,5,0,0.8982424111027876,0.8999878516824329,0.6798766185297627,2.10120488881286,244.23702692985535,0.025319337844848633,[],ok
67,5m_hmm4,5m,4,2017-09-01 00:00:00+00:00,2023-09-30 20:00:00+00:00,2023-10-01 00:00:00+00:00,2023-11-01 00:00:00+00:00,2023,629382,8928,454,455,50.85125448028674,14.646801837123334,0.6102834098801388,50.0,98.10989010989012,5.0,2695.0,60.65934065934066,41.318681318681314,21.978021978021978,7.252747252747254,2.197802197802198,8.35164835164835,4,3,3,57.30286738351255,"{0: 57.30286738351255, 1: 2.632168458781362, 2: 10.539874551971327, 3: 29.525089605734767}","{0: 'Ranging / Low-Vol', 1: 'Ranging / High-Vol', 2: 'Ranging / Mid-Vol', 3: 'Ranging / Low-Vol'}",-10954444.836857941,-17.405081233428888,-109317.7039153845,-12.244366477977653,43,35925.57618390955,0.0032795433012755095,5,0,0.9170534259678675,0.9294097794226368,0.19171064350754485,2.452199148061766,264.181973695755,0.015680313110351562,"['no_uptrend_state', 'no_downtrend_state']",ok
68,5m_hmm4,5m,4,2017-09-01 00:00:00+00:00,2023-10-31 20:00:00+00:00,2023-11-01 00:00:00+00:00,2023-12-01 00:00:00+00:00,2023,638310,8640,454,455,52.5462962962963,15.135085079291585,0.6306285449704826,45.0,94.94505494505495,5.0,2215.0,58.901098901098905,38.681318681318686,20.659340659340657,8.35164835164835,2.417582417582418,8.571428571428571,4,3,3,48.0787037037037,"{0: 39.62962962962963, 1: 1.5509259259259258, 2: 10.74074074074074, 3: 48.0787037037037}","{0: 'Ranging / Low-Vol', 1: 'Ranging / High-Vol', 2: 'Ranging / Mid-Vol', 3: 'Ranging / Low-Vol'}",-11090929.190951157,-17.37545893210377,-103348.01863274704,-11.961576230642018,43,11587.514164131135,0.001044773973815028,5,0,0.9173835657927664,0.9296159082602805,0.18592881632042457,2.4501398834485086,226.17877411842346,0.022558927536010742,"['no_uptrend_state', 'no_downtrend_state']",ok
69,5m_hmm4,5m,4,2017-09-01 00:00:00+00:00,2023-11-30 20:00:00+00:00,2023-12-01 00:00:00+00:00,2024-01-01 00:00:00+00:00,2023,646950,8928,790,791,88.48566308243727,25.486725663716815,1.0619469026548671,30.0,56.43489254108723,5.0,1230.0,45.259165613147914,26.548672566371685,9.734513274336283,2.781289506953224,1.1378002528445006,5.183312262958281,4,4,4,55.52195340501792,"{0: 21.426971326164875, 1: 1.9489247311827957, 2: 55.52195340501792, 3: 21.102150537634408}","{0: 'Uptrend / Mid-Vol', 1: 'Ranging / High-Vol', 2: 'Ranging / Low-Vol', 3: 'Downtrend / Mid-Vol'}",-11244765.289224297,-17.381196830086246,-114441.622246795,-12.818282061692988,45,69909.84599496424,0.006217101397568332,5,0,0.8987892330374431,0.8999328112215743,0.6706914320491132,2.095464358830661,299.52339935302734,0.02207350730895996,[],ok
70,5m_hmm4,5m,4,2017-09-01 00:00:00+00:00,2023-12-31 20:00:00+00:00,2024-01-01 00:00:00+00:00,2024-02-01 00:00:00+00:00,2024,655878,8928,516,517,57.79569892473118,16.647025876554274,0.6936260781897613,45.0,86.34429400386847,5.0,1200.0,58.6073500967118,41.005802707930364,22.823984526112184,7.35009671179884,1.160541586073501,5.222437137330754,4,3,3,45.38530465949821,"{0: 31.47401433691756, 1: 19.780465949820787, 2: 3.3602150537634405, 3: 45.38530465949821}","{0: 'Ranging / Low-Vol', 1: 'Ranging / Mid-Vol', 2: 'Ranging / High-Vol', 3: 'Ranging / Low-Vol'}",-11389644.951845378,-17.36549320429314,-128376.942964448,-14.379137876842293,45,91144.8880141899,0.00800243452711161,5,0,0.9322961273999318,0.9261234526437403,0.18255075498012,2.618774036726593,294.9429602622986,0.031748056411743164,"['no_uptrend_state', 'no_downtrend_state']",ok
71,5m_hmm4,5m,4,2017-09-01 00:00:00+00:00,2024-01-31 20:00:00+00:00,2024-02-01 00:00:00+00:00,2024-03-01 00:00:00+00:00,2024,664806,8352,480,481,57.47126436781609,16.55370614297689,0.6897377559573703,50.0,86.81912681912682,5.0,980.0,60.08316008316008,44.07484407484408,22.245322245322246,6.237006237006238,1.4553014553014554,6.237006237006238,4,3,3,42.81609195402299,"{0: 2.3946360153256707, 1: 42.81609195402299, 2: 14.81082375478927, 3: 39.978448275862064}","{0: 'Ranging / High-Vol', 1: 'Ranging / Low-Vol', 2: 'Ranging / Mid-Vol', 3: 'Ranging / Low-Vol'}",-11543408.791143915,-17.363574924329676,-110923.38565111785,-13.281056711101275,43,10063.696249576285,0.0008718132080098504,5,0,0.9176657359921001,0.9299183852444673,0.18554789562649676,2.4488604401904017,280.2848627567291,0.01929497718811035,"['no_uptrend_state', 'no_downtrend_state']",ok
72,5m_hmm4,5m,4,2017-09-01 00:00:00+00:00,2024-02-29 20:00:00+00:00,2024-03-01 00:00:00+00:00,2024-04-01 00:00:00+00:00,2024,673158,8928,522,523,58.467741935483865,16.8405959448863,0.7016914977035957,45.0,85.35372848948374,5.0,785.0,59.65583173996176,41.30019120458891,25.239005736137663,6.692160611854685,0.7648183556405354,3.632887189292543,4,3,3,40.84901433691756,"{0: 6.888440860215053, 1: 40.84901433691756, 2: 16.509856630824373, 3: 35.752688172043015}","{0: 'Ranging / High-Vol', 1: 'Ranging / Low-Vol', 2: 'Ranging / Low-Vol', 3: 'Ranging / Mid-Vol'}",-11690683.468617676,-17.36692346910781,-152775.58977309827,-17.111961220105094,45,5383.38540106453,0.0004604850875926649,5,0,0.9324731949054543,0.926158353212655,0.18239108865360207,2.61976163673244,293.8899943828583,0.02016282081604004,"['no_uptrend_state', 'no_downtrend_state']",ok
73,5m_hmm4,5m,4,2017-09-01 00:00:00+00:00,2024-03-31 20:00:00+00:00,2024-04-01 00:00:00+00:00,2024-05-01 00:00:00+00:00,2024,682086,8640,643,644,74.42129629629629,21.43581433036231,0.8931589304317629,40.0,67.0807453416149,5.0,550.0,55.90062111801242,37.577639751552795,16.61490683229814,3.7267080745341614,0.15527950310559005,10.869565217391305,4,3,3,47.175925925925924,"{0: 47.175925925925924, 1: 29.050925925925924, 2: 4.918981481481482, 3: 18.854166666666668}","{0: 'Ranging / Low-Vol', 1: 'Ranging / Mid-Vol', 2: 'Ranging / High-Vol', 3: 'Ranging / Low-Vol'}",-11863362.479990954,-17.39276642533486,-143769.4067599108,-16.639977634248936,43,118026.33175485022,0.0099488093661402,5,0,0.9177102754692847,0.930008486342303,0.186693716472062,2.447470662012284,303.75088834762573,0.03204345703125,"['no_uptrend_state', 'no_downtrend_state']",ok
74,5m_hmm4,5m,4,2017-09-01 00:00:00+00:00,2024-04-30 20:00:00+00:00,2024-05-01 00:00:00+00:00,2024-06-01 00:00:00+00:00,2024,690726,8928,885,886,99.1263440860215,28.551585078973897,1.189649378290579,30.0,50.38374717832957,5.0,815.0,44.24379232505643,22.573363431151243,7.562076749435666,2.144469525959368,0.6772009029345373,6.5462753950338595,4,4,4,50.82885304659498,"{0: 3.4274193548387095, 1: 50.82885304659498, 2: 22.703853046594983, 3: 23.039874551971327}","{0: 'Ranging / High-Vol', 1: 'Ranging / Low-Vol', 2: 'Uptrend / Mid-Vol', 3: 'Downtrend / Mid-Vol'}",-12033341.46972646,-17.42129508622299,-127789.29805316507,-14.313317434270282,46,85105.60145407729,0.007072482873371987,5,0,0.8982260538806395,0.8994226146739395,0.6781651724728752,2.100872171011723,321.24605345726013,0.019805908203125,[],ok
75,5m_hmm4,5m,4,2017-09-01 00:00:00+00:00,2024-05-31 20:00:00+00:00,2024-06-01 00:00:00+00:00,2024-07-01 00:00:00+00:00,2024,699654,8640,421,422,48.726851851851855,14.034957749739553,0.584789906239148,50.0,102.3696682464455,5.0,2330.0,58.0568720379147,41.23222748815166,22.748815165876778,7.345971563981042,2.3696682464454977,9.004739336492891,4,3,3,55.300925925925924,"{0: 32.07175925925926, 1: 55.300925925925924, 2: 11.11111111111111, 3: 1.5162037037037037}","{0: 'Ranging / Low-Vol', 1: 'Ranging / Low-Vol', 2: 'Ranging / Mid-Vol', 3: 'Ranging / High-Vol'}",-12189087.717454793,-17.42159369839205,-104684.9383539949,-12.116312309490151,43,114849.06431308202,0.00942228548807783,5,0,0.9173646188936045,0.9297435036264692,0.1849990259223532,2.4496127603807087,299.98670530319214,0.020014524459838867,"['no_uptrend_state', 'no_downtrend_state']",ok
76,5m_hmm4,5m,4,2017-09-01 00:00:00+00:00,2024-06-30 20:00:00+00:00,2024-07-01 00:00:00+00:00,2024-08-01 00:00:00+00:00,2024,708294,8928,922,923,103.2706093189964,29.745267167021396,1.2393861319592248,30.0,48.36403033586132,5.0,800.0,47.562296858071505,22.8602383531961,6.825568797399784,1.7334777898158178,0.21668472372697722,5.52546045503792,4,4,4,39.549731182795696,"{0: 4.614695340501792, 1: 39.549731182795696, 2: 27.016129032258064, 3: 28.819444444444443}","{0: 'Ranging / High-Vol', 1: 'Ranging / Low-Vol', 2: 'Downtrend / Mid-Vol', 3: 'Uptrend / Mid-Vol'}",-12329673.798490698,-17.407564935592703,-137401.67546794008,-15.38997261065637,46,614.2614376172423,4.9819763901007295e-05,5,0,0.8981765756151685,0.8991984630201434,0.6769929070083502,2.101221018396148,293.7754604816437,0.029660463333129883,[],ok
77,5m_hmm4,5m,4,2017-09-01 00:00:00+00:00,2024-07-31 20:00:00+00:00,2024-08-01 00:00:00+00:00,2024-09-01 00:00:00+00:00,2024,717222,8928,898,899,100.58243727598567,28.97098689369329,1.207124453903887,30.0,49.6551724137931,5.0,795.0,45.82869855394883,22.469410456062292,7.341490545050055,1.8909899888765296,0.778642936596218,7.119021134593993,4,4,4,37.399193548387096,"{0: 11.312724014336919, 1: 37.399193548387096, 2: 25.85125448028674, 3: 25.436827956989248}","{0: 'Ranging / High-Vol', 1: 'Ranging / Low-Vol', 2: 'Downtrend / Mid-Vol', 3: 'Uptrend / Mid-Vol'}",-12495561.019032497,-17.42216638506975,-148671.95408992717,-16.65232460684668,46,107843.23815819807,0.008630523911166345,5,0,0.8980485275360708,0.8991530915051911,0.6792567949125782,2.1022779823240545,293.21795105934143,0.02570176124572754,[],ok
78,5m_hmm4,5m,4,2017-09-01 00:00:00+00:00,2024-08-31 20:00:00+00:00,2024-09-01 00:00:00+00:00,2024-10-01 00:00:00+00:00,2024,726150,8640,877,878,101.50462962962962,29.23671721264035,1.2181965505266812,30.0,49.20273348519362,5.0,985.0,44.07744874715262,21.753986332574033,6.947608200455581,1.8223234624145785,0.5694760820045558,6.492027334851937,4,4,4,49.97685185185185,"{0: 23.84259259259259, 1: 3.3680555555555554, 2: 22.8125, 3: 49.97685185185185}","{0: 'Uptrend / Mid-Vol', 1: 'Ranging / High-Vol', 2: 'Downtrend / Mid-Vol', 3: 'Ranging / Low-Vol'}",-12658384.386876745,-17.432189474456717,-126238.77960368217,-14.610969861537288,44,7333.161323463544,0.0005793125804479449,5,0,0.8979374770990147,0.8990260579600269,0.6802774904298579,2.1026382190077104,328.8119115829468,0.027692079544067383,[],ok
79,5m_hmm4,5m,4,2017-09-01 00:00:00+00:00,2024-09-30 20:00:00+00:00,2024-10-01 00:00:00+00:00,2024-11-01 00:00:00+00:00,2024,734790,8928,747,748,83.66935483870967,24.09947350733729,1.004144729472387,30.0,59.67914438502674,5.0,2035.0,45.18716577540107,24.598930481283425,9.358288770053475,3.074866310160428,1.2032085561497325,6.684491978609626,4,4,4,58.378136200716845,"{0: 18.649193548387096, 1: 58.378136200716845, 2: 2.28494623655914, 3: 20.687724014336915}","{0: 'Downtrend / Mid-Vol', 1: 'Ranging / Low-Vol', 2: 'Ranging / High-Vol', 3: 'Uptrend / Mid-Vol'}",-12812659.117546093,-17.43717132452278,-119611.90149823065,-13.397390400787483,42,104344.92298589274,0.008143892850704132,5,0,0.8977507358646262,0.8989937497336781,0.6807084037182072,2.101900419700974,332.06621766090393,0.022436141967773438,[],ok
80,5m_hmm4,5m,4,2017-09-01 00:00:00+00:00,2024-10-31 20:00:00+00:00,2024-11-01 00:00:00+00:00,2024-12-01 00:00:00+00:00,2024,743718,8640,921,922,106.59722222222221,30.70355365204306,1.279314735501794,30.0,46.85466377440347,5.0,1175.0,45.444685466377436,21.149674620390453,5.748373101952278,1.3015184381778742,0.32537960954446854,4.989154013015185,4,4,4,35.37037037037037,"{0: 25.65972222222222, 1: 8.101851851851851, 2: 30.868055555555557, 3: 35.37037037037037}","{0: 'Downtrend / Mid-Vol', 1: 'Ranging / High-Vol', 2: 'Uptrend / Mid-Vol', 3: 'Ranging / Low-Vol'}",-12964574.107692035,-17.432110164998072,-138829.1544234385,-16.06818916937946,42,0.06262194365262985,4.830235311430363e-09,5,0,0.8977508919947528,0.8988740133938009,0.6801129286268826,2.101179822266114,307.5395472049713,0.030106782913208008,[],ok
81,5m_hmm4,5m,4,2017-09-01 00:00:00+00:00,2024-11-30 20:00:00+00:00,2024-12-01 00:00:00+00:00,2025-01-01 00:00:00+00:00,2024,752358,8928,936,937,104.83870967741936,30.196930659796124,1.2582054441581718,30.0,47.64140875133405,5.0,905.0,45.78441835645678,21.985058697972253,7.150480256136606,1.4941302027748131,0.5336179295624333,5.869797225186766,4,4,4,39.02329749103943,"{0: 26.344086021505376, 1: 7.403673835125447, 2: 39.02329749103943, 3: 27.228942652329753}","{0: 'Downtrend / Mid-Vol', 1: 'Ranging / High-Vol', 2: 'Ranging / Low-Vol', 3: 'Uptrend / Mid-Vol'}",-13130377.793823006,-17.45230035943395,-138459.74312626873,-15.508483773103576,46,0.006623314693570137,5.044268182965747e-10,5,0,0.8976259449973136,0.8988074476330745,0.6823408476388242,2.1022582008672894,296.20101833343506,0.022797584533691406,[],ok
82,5m_hmm4,5m,4,2017-09-01 00:00:00+00:00,2024-12-31 20:00:00+00:00,2025-01-01 00:00:00+00:00,2025-02-01 00:00:00+00:00,2025,761286,8928,862,863,96.55017921146954,27.80956648370113,1.1587319368208804,30.0,51.726535341830825,5.0,965.0,44.148319814600235,23.522595596755504,8.458864426419467,2.317497103128621,0.8111239860950173,6.952491309385864,4,4,4,44.23163082437276,"{0: 7.146057347670251, 1: 23.084677419354836, 2: 44.23163082437276, 3: 25.537634408602152}","{0: 'Ranging / High-Vol', 1: 'Downtrend / Mid-Vol', 2: 'Ranging / Low-Vol', 3: 'Uptrend / Mid-Vol'}",-13297065.140670385,-17.466583045886022,-134899.1782336147,-15.109674981363652,43,115244.94540772773,0.008666945990603574,5,0,0.8974670589375068,0.8987576379567374,0.6841974084312527,2.102386908035746,311.8472089767456,0.021041154861450195,[],ok
83,5m_hmm4,5m,4,2017-09-01 00:00:00+00:00,2025-01-31 20:00:00+00:00,2025-02-01 00:00:00+00:00,2025-03-01 00:00:00+00:00,2025,770214,8064,662,663,82.09325396825396,23.64578940840878,0.9852412253503657,30.0,60.81447963800905,5.0,2315.0,46.003016591251885,24.283559577677224,10.256410256410255,3.3182503770739067,1.3574660633484164,5.88235294117647,4,4,4,48.85912698412698,"{0: 48.85912698412698, 1: 20.597718253968253, 2: 22.79265873015873, 3: 7.750496031746032}","{0: 'Ranging / Low-Vol', 1: 'Uptrend / Mid-Vol', 2: 'Downtrend / Mid-Vol', 3: 'Ranging / High-Vol'}",-13457338.915315967,-17.472207614138366,-120944.83449419099,-14.998119356918526,42,11655.398471305147,0.0008660997946659418,5,0,0.897347902645991,0.8987160735394598,0.6849126941317769,2.102505491551014,318.32625699043274,0.01574397087097168,[],ok
84,5m_hmm4,5m,4,2017-09-01 00:00:00+00:00,2025-02-28 20:00:00+00:00,2025-03-01 00:00:00+00:00,2025-04-01 00:00:00+00:00,2025,778278,8928,824,825,92.29390681003584,26.583622717598296,1.1076509465665956,30.0,54.10909090909091,5.0,2240.0,45.93939393939394,24.606060606060606,8.242424242424242,2.3030303030303028,0.48484848484848486,4.242424242424243,4,4,4,39.77374551971326,"{0: 39.77374551971326, 1: 25.0, 2: 9.229390681003585, 3: 25.996863799283155}","{0: 'Ranging / Low-Vol', 1: 'Downtrend / Mid-Vol', 2: 'Ranging / High-Vol', 3: 'Uptrend / Mid-Vol'}",-13600443.384263294,-17.475045400568042,-143549.65304072577,-16.078590170332188,42,113140.5439199619,0.00831888643063459,5,0,0.8974349543615568,0.8987232907960065,0.6851317384878794,2.102030471891437,321.0225896835327,0.01567387580871582,[],ok
85,5m_hmm4,5m,4,2017-09-01 00:00:00+00:00,2025-03-31 20:00:00+00:00,2025-04-01 00:00:00+00:00,2025-05-01 00:00:00+00:00,2025,787206,8640,800,801,92.59259259259258,26.66975344368561,1.1112397268202336,30.0,53.93258426966292,5.0,1765.0,47.31585518102372,24.344569288389515,7.990012484394507,2.3720349563046192,0.8739076154806492,6.242197253433209,4,4,4,49.66435185185185,"{0: 20.64814814814815, 1: 22.92824074074074, 2: 49.66435185185185, 3: 6.7592592592592595}","{0: 'Downtrend / Mid-Vol', 1: 'Uptrend / Mid-Vol', 2: 'Ranging / Low-Vol', 3: 'Ranging / High-Vol'}",-13764958.44345957,-17.48584035622133,-130711.29706185359,-15.128622345121943,46,9912.894663022831,0.0007201543472681495,5,0,0.8974296531319457,0.8988538123368344,0.6862563905749708,2.1018915506320814,337.82911014556885,0.02255082130432129,[],ok
86,5m_hmm4,5m,4,2017-09-01 00:00:00+00:00,2025-04-30 20:00:00+00:00,2025-05-01 00:00:00+00:00,2025-06-01 00:00:00+00:00,2025,795846,8928,714,715,79.97311827956989,23.034838131511144,0.9597849221462976,30.0,62.43356643356643,5.0,1310.0,47.972027972027966,26.013986013986013,12.307692307692308,4.475524475524476,1.118881118881119,4.755244755244755,4,4,4,60.226254480286734,"{0: 20.31810035842294, 1: 1.1648745519713262, 2: 60.226254480286734, 3: 18.290770609318997}","{0: 'Uptrend / Mid-Vol', 1: 'Ranging / High-Vol', 2: 'Ranging / Low-Vol', 3: 'Downtrend / Mid-Vol'}",-13919491.185689019,-17.490181750852575,-117220.7244745062,-13.129561433076413,44,10074.032722525299,0.0007237357018396381,5,0,0.8973479721237853,0.898711578761597,0.6872226071255968,2.1020566784007717,283.4801092147827,0.020941495895385742,[],ok
87,5m_hmm4,5m,4,2017-09-01 00:00:00+00:00,2025-05-31 20:00:00+00:00,2025-06-01 00:00:00+00:00,2025-07-01 00:00:00+00:00,2025,804774,8640,560,561,64.81481481481481,18.66882741057993,0.7778678087741636,30.0,77.00534759358288,5.0,2265.0,48.84135472370767,27.98573975044563,12.4777183600713,7.130124777183601,2.3172905525846703,5.704099821746881,4,4,4,70.19675925925925,"{0: 14.756944444444445, 1: 70.19675925925925, 2: 13.993055555555555, 3: 1.0532407407407407}","{0: 'Uptrend / Mid-Vol', 1: 'Ranging / Low-Vol', 2: 'Downtrend / Mid-Vol', 3: 'Ranging / High-Vol'}",-14070282.036430988,-17.483519642074654,-107470.55637446466,-12.438721802600076,42,11388.406227778643,0.0008093943105256603,5,0,0.8973800682948538,0.8988273374178979,0.6873008016206105,2.101480885415648,326.261855840683,0.0245511531829834,[],ok
88,5m_hmm4,5m,4,2017-09-01 00:00:00+00:00,2025-06-30 20:00:00+00:00,2025-07-01 00:00:00+00:00,2025-08-01 00:00:00+00:00,2025,813414,8928,592,593,66.30824372759857,19.09891340875994,0.7957880586983308,30.0,75.27824620573355,5.0,1970.0,47.72344013490725,26.812816188870155,12.478920741989882,5.733558178752108,2.1922428330522767,3.204047217537943,4,4,4,69.35483870967742,"{0: 14.639336917562723, 1: 15.434587813620071, 2: 69.35483870967742, 3: 0.571236559139785}","{0: 'Uptrend / Mid-Vol', 1: 'Downtrend / Mid-Vol', 2: 'Ranging / Low-Vol', 3: 'Ranging / High-Vol'}",-14209473.57454566,-17.46893165662954,-110729.47015451326,-12.40249441694817,42,10206.137009950355,0.0007182628516395753,5,0,0.8974148402184405,0.8987871165007196,0.6861250620356254,2.1004542400334865,274.55771589279175,0.020930767059326172,[],ok
89,5m_hmm4,5m,4,2017-09-01 00:00:00+00:00,2025-07-31 20:00:00+00:00,2025-08-01 00:00:00+00:00,2025-09-01 00:00:00+00:00,2025,822342,8928,541,542,60.59587813620072,17.453567827937718,0.7272319928307381,30.0,82.36162361623616,5.0,1760.0,49.6309963099631,30.25830258302583,14.760147601476014,6.642066420664207,3.505535055350553,4.612546125461255,4,4,4,70.68772401433692,"{0: 1.1984767025089607, 1: 14.684139784946238, 2: 70.68772401433692, 3: 13.429659498207885}","{0: 'Ranging / High-Vol', 1: 'Downtrend / Mid-Vol', 2: 'Ranging / Low-Vol', 3: 'Uptrend / Mid-Vol'}",-14352191.599293848,-17.4528257091257,-108738.42217061954,-12.179482770006668,43,7926.730628589168,0.0005523010596499545,5,0,0.8974299917508246,0.8988198498770905,0.6841934563880363,2.0984200920356564,322.44792580604553,0.024927377700805664,[],ok
90,5m_hmm4,5m,4,2017-09-01 00:00:00+00:00,2025-08-31 20:00:00+00:00,2025-09-01 00:00:00+00:00,2025-10-01 00:00:00+00:00,2025,831270,8640,411,412,47.56944444444444,13.701585831693484,0.5708994096538951,35.0,104.85436893203884,5.0,3415.0,50.970873786407765,32.76699029126214,18.203883495145632,9.466019417475728,4.611650485436893,3.640776699029126,4,4,4,78.83101851851852,"{0: 10.694444444444445, 1: 78.83101851851852, 2: 10.023148148148147, 3: 0.45138888888888884}","{0: 'Uptrend / Mid-Vol', 1: 'Ranging / Low-Vol', 2: 'Downtrend / Mid-Vol', 3: 'Ranging / High-Vol'}",-14494895.10622928,-17.43704825896433,-98334.34806181086,-11.381290284931813,46,108350.94852304459,0.007475110908286603,5,0,0.8975468124853458,0.8989618914847007,0.6828391705768025,2.0970886744964417,364.9501132965088,0.023613691329956055,[],ok
91,5m_hmm4,5m,4,2017-09-01 00:00:00+00:00,2025-09-30 20:00:00+00:00,2025-10-01 00:00:00+00:00,2025-11-01 00:00:00+00:00,2025,839910,8928,800,801,89.60573476702508,25.80934244427019,1.0753892685112578,30.0,55.73033707865169,5.0,1735.0,45.81772784019975,25.21847690387016,9.86267166042447,2.4968789013732833,0.6242197253433208,6.117353308364544,4,4,4,49.67517921146953,"{0: 23.342293906810035, 1: 23.163082437275985, 2: 49.67517921146953, 3: 3.8194444444444446}","{0: 'Downtrend / Mid-Vol', 1: 'Uptrend / Mid-Vol', 2: 'Ranging / Low-Vol', 3: 'Ranging / High-Vol'}",-14625454.817518998,-17.413121426723098,-131114.7807613716,-14.685795336175135,43,108709.8909995351,0.0074329237863644225,5,0,0.8976637174464677,0.8990597376521319,0.6801122464161923,2.0948425990640516,425.5758216381073,0.03952288627624512,[],ok
92,5m_hmm4,5m,4,2017-09-01 00:00:00+00:00,2025-10-31 20:00:00+00:00,2025-11-01 00:00:00+00:00,2025-12-01 00:00:00+00:00,2025,848838,8640,928,929,107.4074074074074,30.936913994675308,1.2890380831114712,30.0,46.501614639397204,5.0,650.0,43.70290635091496,22.712594187298173,6.566200215285253,1.5069967707212055,0.2152852529601722,7.21205597416577,4,4,4,33.56481481481482,"{0: 29.49074074074074, 1: 33.56481481481482, 2: 6.608796296296296, 3: 30.33564814814815}","{0: 'Uptrend / Mid-Vol', 1: 'Ranging / Low-Vol', 2: 'Ranging / High-Vol', 3: 'Downtrend / Mid-Vol'}",-14778263.057791147,-17.409992316309058,-137685.85019953674,-15.935862291613049,43,107109.79387149028,0.007247793157601269,5,0,0.8976784482577115,0.8991353647710365,0.6814169985982166,2.0947917385486945,405.42919063568115,0.024036645889282227,[],ok
93,5m_hmm4,5m,4,2017-09-01 00:00:00+00:00,2025-11-30 20:00:00+00:00,2025-12-01 00:00:00+00:00,2026-01-01 00:00:00+00:00,2025,857478,8928,697,698,78.06899641577061,22.486389604570405,0.9369329001904334,30.0,63.95415472779369,5.0,1465.0,49.28366762177651,26.64756446991404,10.601719197707736,4.011461318051576,1.4326647564469914,5.873925501432665,4,4,4,56.507616487455195,"{0: 18.27956989247312, 1: 5.297939068100358, 2: 56.507616487455195, 3: 19.914874551971327}","{0: 'Downtrend / Mid-Vol', 1: 'Ranging / High-Vol', 2: 'Ranging / Low-Vol', 3: 'Uptrend / Mid-Vol'}",-14943099.55740414,-17.426802270617017,-126410.36048940847,-14.158866542272454,43,9093.551388058811,0.0006085451919212475,5,0,0.8975273888888567,0.8992153854196827,0.6842433693484578,2.095980376975343,306.0193872451782,0.023866891860961914,[],ok
94,5m_hmm4,5m,4,2017-09-01 00:00:00+00:00,2025-12-31 20:00:00+00:00,2026-01-01 00:00:00+00:00,2026-02-01 00:00:00+00:00,2026,866406,8928,602,603,67.42831541218638,19.42153018931332,0.8092304245547215,30.0,74.02985074626865,5.0,2460.0,45.77114427860697,26.036484245439468,13.598673300165837,6.301824212271974,2.155887230514096,5.638474295190713,4,4,4,63.72087813620072,"{0: 63.72087813620072, 1: 16.263440860215052, 2: 16.801075268817204, 3: 3.214605734767025}","{0: 'Ranging / Low-Vol', 1: 'Uptrend / Mid-Vol', 2: 'Downtrend / Mid-Vol', 3: 'Ranging / High-Vol'}",-15095963.87805346,-17.423660360216182,-118675.89851629687,-13.292551357112105,44,114573.12387754023,0.0075896527577220055,5,0,0.8974997274089372,0.8992604625888099,0.6840640711143704,2.0954864856591207,346.69287753105164,0.025173425674438477,[],ok
95,5m_hmm4,5m,4,2017-09-01 00:00:00+00:00,2026-01-31 20:00:00+00:00,2026-02-01 00:00:00+00:00,2026-03-01 00:00:00+00:00,2026,875334,8064,914,915,113.34325396825396,32.646905618256234,1.3602877340940096,25.0,44.0655737704918,5.0,880.0,43.606557377049185,20.327868852459016,4.808743169398907,1.2021857923497268,0.2185792349726776,7.650273224043716,4,4,4,32.00644841269841,"{0: 22.953869047619047, 1: 32.00644841269841, 2: 28.88144841269841, 3: 16.158234126984127}","{0: 'Ranging / Low-Vol', 1: 'Uptrend / Mid-Vol', 2: 'Downtrend / Mid-Vol', 3: 'Ranging / High-Vol'}",-15241650.19531234,-17.412382239593505,-150373.02383675284,-18.647448392454468,42,117590.79551807232,0.00771509606973122,5,0,0.8975590941555622,0.8993011710261047,0.6828423565473811,2.0956014448764124,378.8848030567169,0.015666723251342773,[],ok
96,5m_hmm4,5m,4,2017-09-01 00:00:00+00:00,2026-02-28 20:00:00+00:00,2026-03-01 00:00:00+00:00,2026-04-01 00:00:00+00:00,2026,883398,8928,988,989,110.66308243727599,31.874537918673685,1.3281057466114035,30.0,45.136501516683516,5.0,585.0,46.814964610717894,20.626895854398384,6.572295247724974,0.8088978766430739,0.10111223458038424,8.493427704752275,4,4,4,31.742831541218635,"{0: 31.55241935483871, 1: 7.101254480286738, 2: 29.603494623655912, 3: 31.742831541218635}","{0: 'Ranging / Low-Vol', 1: 'Ranging / High-Vol', 2: 'Uptrend / Mid-Vol', 3: 'Downtrend / Mid-Vol'}",-15401632.801848814,-17.434534379576153,-156124.48478453117,-17.487061467801432,46,9757.006949445233,0.000633504711803933,5,0,0.8974202501151627,0.8992245569355615,0.6844749657780207,2.0960353535493574,353.3798613548279,0.021800756454467773,[],ok
97,5m_hmm4,5m,4,2017-09-01 00:00:00+00:00,2026-03-31 20:00:00+00:00,2026-04-01 00:00:00+00:00,2026-05-01 00:00:00+00:00,2026,892326,8640,749,750,86.68981481481482,24.969556661650653,1.0403981942354439,30.0,57.6,5.0,1300.0,48.13333333333333,24.8,9.066666666666666,3.2,1.2,7.199999999999999,4,4,4,56.574074074074076,"{0: 56.574074074074076, 1: 20.45138888888889, 2: 20.752314814814817, 3: 2.2222222222222223}","{0: 'Ranging / Low-Vol', 1: 'Downtrend / Mid-Vol', 2: 'Uptrend / Mid-Vol', 3: 'Ranging / High-Vol'}",-15573192.088689025,-17.452357197581406,-124138.09979270695,-14.367835624155898,42,5.127735510468483,3.292668247631012e-07,5,0,0.8974429933681781,0.8992996342132047,0.6858705333826288,2.096886130972556,358.526132106781,0.031899452209472656,[],ok
98,5m_hmm4,5m,4,2017-09-01 00:00:00+00:00,2026-04-30 20:00:00+00:00,2026-05-01 00:00:00+00:00,2026-06-01 00:00:00+00:00,2026,900966,8928,558,559,62.5,18.002016354878457,0.7500840147866024,30.0,79.85688729874776,5.0,1470.0,46.51162790697674,29.338103756708406,15.20572450805009,6.797853309481217,2.6833631484794274,6.082289803220036,4,4,4,71.67338709677419,"{0: 71.67338709677419, 1: 12.343189964157707, 2: 15.143369175627242, 3: 0.8400537634408601}","{0: 'Ranging / Low-Vol', 1: 'Uptrend / Mid-Vol', 2: 'Downtrend / Mid-Vol', 3: 'Ranging / High-Vol'}",-15722534.563017286,-17.450752373582674,-113698.23173522399,-12.735016995432796,46,120292.6261886768,0.007650969104665249,5,0,0.8974248583005833,0.8992190777260937,0.6860775803995933,2.0975394723072798,363.59223651885986,0.024651765823364258,[],ok
99,5m_hmm4,5m,4,2017-09-01 00:00:00+00:00,2026-05-31 20:00:00+00:00,2026-06-01 00:00:00+00:00,2026-07-01 00:00:00+00:00,2026,909894,8640,920,921,106.48148148148148,30.670216460238453,1.2779256858432688,30.0,46.90553745928339,5.0,955.0,44.73398479913138,22.36699239956569,6.731813246471227,1.6286644951140066,0.10857763300760044,7.38327904451683,4,4,4,36.5162037037037,"{0: 36.5162037037037, 1: 24.76851851851852, 2: 31.25, 3: 7.465277777777778}","{0: 'Ranging / Low-Vol', 1: 'Uptrend / Mid-Vol', 2: 'Downtrend / Mid-Vol', 3: 'Ranging / High-Vol'}",-15864563.567121051,-17.435617299510767,-144280.26728095472,-16.69910500936976,46,123472.37151505798,0.00778290376490102,5,0,0.8975130831539674,0.8992857488337266,0.6848218165659911,2.0973502646950606,353.1106026172638,0.023389816284179688,[],ok
100,5m_hmm4,5m,4,2017-09-01 00:00:00+00:00,2026-06-30 20:00:00+00:00,2026-07-01 00:00:00+00:00,2026-07-18 23:35:00+00:00,2026,918534,5179,406,407,78.39351226105425,22.581691772885282,0.9409038238702202,30.0,63.62407862407862,5.0,1065.0,49.14004914004914,29.484029484029485,12.039312039312039,4.914004914004914,0.7371007371007371,4.668304668304668,4,4,4,57.752461865224944,"{0: 1.3902297740876617, 1: 20.89206410503958, 2: 57.752461865224944, 3: 19.965244255647807}","{0: 'Ranging / High-Vol', 1: 'Uptrend / Mid-Vol', 2: 'Ranging / Low-Vol', 3: 'Downtrend / Mid-Vol'}",-16028510.918918006,-17.450100833412815,-72169.90363873637,-13.935104004390109,45,0.001962834969162941,1.2245897195891488e-10,5,0,0.8974740842084354,0.8992695651955802,0.6865840660704028,2.098528194262973,264.68031573295593,0.014699935913085938,[],ok
