timestamp_utc,open,high,low,close,volume,ret_5m,ret_5m_pct,ret_5m_zscore,hmm_state,regime_label,max_abs_zscore,max_zscore_feature
2020-03-13 02:35:00+00:00,4409.5,5252.49,4378.66,5222.12,4493.537984,0.1691421453680739,16.91421453680739,71.97350011790148,3,Ranging / High-Vol,71.97350011790148,ret_5m
2020-03-12 10:55:00+00:00,6697.94,6780.0,6012.5,6014.9,4275.473838,-0.1078678022123824,-10.78678022123824,-45.901944966547354,3,Ranging / High-Vol,45.901944966547354,ret_5m
2021-09-07 15:05:00+00:00,47818.21,47832.82,42900.0,43088.74,5375.452315,-0.1041450283411222,-10.41450283411222,-44.31780103649553,3,Ranging / High-Vol,44.31780103649553,ret_5m
2021-05-19 13:05:00+00:00,33358.6,33700.0,30100.0,30101.0,5348.920054,-0.102001503523649,-10.2001503523649,-43.405671547586735,3,Ranging / High-Vol,46.77996988981356,vol_15m
2023-08-17 21:40:00+00:00,27578.74,27605.86,25188.0,25188.01,5543.12856,-0.0906770984014944,-9.06770984014944,-38.58682187900983,3,Ranging / High-Vol,38.58682187900983,ret_5m
2021-05-19 13:15:00+00:00,32437.76,35700.0,32200.0,35337.6,4205.02951,0.089866081257405,8.9866081257405,38.23932766954826,3,Ranging / High-Vol,56.26258485949948,vol_15m
2019-06-26 20:40:00+00:00,13082.91,13082.91,11801.0,11958.77,3550.058723,-0.083492918539763,-8.3492918539763,-35.52975332907134,3,Ranging / High-Vol,35.91114598206093,ret_15m
2017-12-10 23:00:00+00:00,14356.49,15700.0,14356.49,15620.11,147.15096,0.0827208343473628,8.27208343473628,35.198826174507616,3,Ranging / High-Vol,35.198826174507616,ret_5m
2020-05-10 00:15:00+00:00,9343.04,9349.0,8600.0,8628.15,8277.1723,-0.0793585763230702,-7.93585763230702,-33.77047560933333,3,Ranging / High-Vol,33.77047560933333,ret_5m
2021-05-19 12:50:00+00:00,35512.32,36914.56,32750.0,32904.67,6921.875616,-0.0762650855428574,-7.626508554285739,-32.45410915474486,3,Ranging / High-Vol,34.792166726549986,ret_15m
2025-10-10 21:15:00+00:00,112209.36,112510.92,103800.0,103975.26,5120.92963,-0.0762134258420754,-7.6213425842075395,-32.432126513775486,3,Ranging / High-Vol,32.432126513775486,ret_5m
2018-01-16 22:30:00+00:00,9100.01,9800.0,9035.0,9800.0,747.770835,0.0741068732532284,7.41068732532284,31.533345902842257,3,Ranging / High-Vol,31.533345902842257,ret_5m
2020-03-13 02:25:00+00:00,3936.77,4240.75,3936.77,4230.94,2287.703678,0.0720636004544701,7.206360045447011,30.663876439069202,3,Ranging / High-Vol,30.663876439069202,ret_5m
2019-09-24 19:40:00+00:00,8435.93,8438.96,7800.0,7846.93,3758.058849,-0.071135701655514,-7.1135701655514,-30.271413500633052,3,Ranging / High-Vol,30.271413500633052,ret_5m
2021-05-19 13:10:00+00:00,30101.0,32666.0,30000.0,32300.46,4736.700407,0.0705230778189367,7.05230778189367,30.00834116709697,3,Ranging / High-Vol,47.414715211481465,vol_15m
2017-12-22 14:50:00+00:00,11231.02,12099.0,11203.49,12050.81,278.912766,0.07045228482988,7.0452284829880005,29.97821677926612,3,Ranging / High-Vol,30.08728358926758,vol_15m
2017-11-29 19:40:00+00:00,8700.0,9450.0,8520.0,9330.8,216.640357,0.0699977304317247,6.99977304317247,29.784791227347675,3,Ranging / High-Vol,38.327558979176224,vol_15m
2017-09-04 08:40:00+00:00,4299.99,4372.2,4299.99,4372.2,15.670147,0.0696473819328442,6.96473819328442,29.635708186825408,3,Ranging / High-Vol,29.635708186825408,ret_5m
2017-11-12 07:05:00+00:00,5779.0,6189.0,5779.0,6189.0,99.179875,0.0694084415164795,6.9408441516479495,29.534032387188386,3,Ranging / High-Vol,35.8494186902536,ret_15m
2021-05-19 12:55:00+00:00,32915.29,36600.0,32488.89,35234.62,5692.078771,0.0684145290029398,6.84145290029398,29.111094940602765,3,Ranging / High-Vol,38.85238756378057,vol_15m
2021-04-18 03:30:00+00:00,56401.58,56424.76,52088.1,52674.66,1401.589346,-0.0683626673014927,-6.836266730149269,-29.09141017739575,3,Ranging / High-Vol,29.09141017739575,ret_5m
2019-06-26 20:45:00+00:00,11958.78,12986.99,11958.76,12800.02,2295.345098,0.067981832999914,6.7981832999914005,28.926970744383734,3,Ranging / High-Vol,41.30293514186022,vol_15m
2020-03-12 23:20:00+00:00,5513.03,5586.0,5080.41,5162.66,3969.364262,-0.0666595699329146,-6.665956993291459,-28.366694830178883,3,Ranging / High-Vol,28.366694830178883,ret_5m
2018-10-15 06:45:00+00:00,7124.99,7680.0,7100.0,7599.99,2512.630297,0.0666390618235794,6.66390618235794,28.355584224009625,3,Ranging / High-Vol,28.355584224009625,ret_5m
2021-05-19 13:45:00+00:00,37406.48,38000.0,34957.96,35063.94,3758.16567,-0.0646706994861379,-6.467069948613791,-27.520375081820326,3,Ranging / High-Vol,38.61286952859275,vol_1h
2020-03-12 10:40:00+00:00,6776.96,6799.0,6310.0,6354.88,3110.923194,-0.064305602126236,-6.4305602126235994,-27.365015990302158,3,Ranging / High-Vol,32.26239733418264,ret_15m
2017-11-29 19:30:00+00:00,9700.05,9729.96,9100.0,9100.02,150.69489,-0.0638544288126397,-6.38544288126397,-27.173029183998235,3,Ranging / High-Vol,27.173029183998235,ret_5m
2021-09-07 15:10:00+00:00,43086.58,48915.62,42843.05,45859.85,5790.472209,0.0623282965231766,6.23282965231766,26.521233570259216,3,Ranging / High-Vol,45.13878945167636,vol_15m
2020-03-12 10:50:00+00:00,6254.24,6770.0,6100.02,6700.0,4278.611516,0.0614959901535492,6.14959901535492,26.167064037275367,3,Ranging / High-Vol,33.24611280699208,vol_15m
2020-06-02 14:45:00+00:00,10137.84,10142.29,9400.0,9533.22,7949.063706,-0.0613503645641699,-6.13503645641699,-26.107480129220324,3,Ranging / High-Vol,26.107480129220324,ret_5m
2017-11-29 15:15:00+00:00,10927.47,11019.71,10500.0,10500.0,122.296915,-0.060066931321991,-6.0066931321991,-25.5613435518901,3,Ranging / High-Vol,25.5613435518901,ret_5m
2019-10-26 01:40:00+00:00,9713.2,10330.3,9690.0,10307.96,2831.630749,0.0594306271326381,5.94306271326381,25.288194568950054,3,Ranging / High-Vol,25.288194568950054,ret_5m
2017-12-22 23:25:00+00:00,14230.02,14300.9,13401.0,13430.26,176.502559,-0.05924513321456,-5.924513321456,-25.211645577037224,3,Ranging / High-Vol,25.211645577037224,ret_5m
2020-03-13 01:50:00+00:00,4503.21,4530.08,4235.0,4246.74,5106.643854,-0.058638846035663,-5.863884603566301,-24.953653502435927,3,Ranging / High-Vol,24.953653502435927,ret_5m
2020-03-12 11:40:00+00:00,6090.23,6108.28,5750.0,5750.17,3301.740471,-0.0586199107873941,-5.86199107873941,-24.945596027110664,3,Ranging / High-Vol,25.16331494002222,vol_1h
2019-12-04 13:20:00+00:00,7264.74,7700.19,7257.01,7700.01,3473.633796,0.0581891192030301,5.81891192030301,24.759898379384836,3,Ranging / High-Vol,24.759898379384836,ret_5m
2017-09-15 12:10:00+00:00,2948.97,3128.0,2948.97,3125.0,29.508134,0.0579783263469497,5.79783263469497,24.670200150320763,3,Ranging / High-Vol,24.670200150320763,ret_5m
2018-02-06 05:10:00+00:00,6032.06,6402.0,6022.0,6380.0,733.356001,0.0569187228557908,5.6918722855790795,24.2193093638189,3,Ranging / High-Vol,24.2193093638189,ret_5m
2017-09-04 07:25:00+00:00,4317.77,4317.89,4080.0,4080.0,21.527445,-0.0566698685952271,-5.66698685952271,-24.115798782127698,3,Ranging / High-Vol,24.115798782127698,ret_5m
2017-11-08 18:45:00+00:00,6769.97,7100.0,6670.0,7058.01,70.623225,0.0565432821565057,5.65432821565057,24.059548893418484,3,Ranging / High-Vol,27.725761283609764,vol_15m
2018-01-11 04:15:00+00:00,12929.99,12930.04,12103.0,12221.98,565.982853,-0.0563142227057689,-5.6314222705768895,-23.964461554427004,3,Ranging / High-Vol,24.702338906442357,ret_15m
2020-03-13 02:10:00+00:00,4104.56,4200.0,3850.0,3882.22,2925.241795,-0.0560129376863631,-5.601293768636309,-23.836256390425014,3,Ranging / High-Vol,29.757019941057976,vwap_dist
2017-12-22 14:20:00+00:00,11260.0,11958.69,10961.0,11890.0,500.081551,0.0555962842808046,5.55962842808046,23.65657493140987,3,Ranging / High-Vol,24.015177838415944,vol_15m
2017-12-20 00:40:00+00:00,14876.38,15800.0,14777.66,15725.58,252.835627,0.0555153100252905,5.55153100252905,23.622118131239063,3,Ranging / High-Vol,27.317692233484912,vol_15m
2021-05-19 13:00:00+00:00,35234.62,36013.2,32500.0,33333.4,4402.391444,-0.0554692246717571,-5.54692246717571,-23.60489136489186,3,Ranging / High-Vol,41.45033564593654,vol_15m
2017-11-12 07:10:00+00:00,6100.0,6310.0,5813.72,5855.82,104.093723,-0.0553374842755438,-5.5337484275543805,-23.54883215844501,3,Ranging / High-Vol,34.381988791244225,vol_15m
2021-07-26 01:00:00+00:00,36758.73,39799.97,36702.63,38836.26,6816.668631,0.0547408594507174,5.47408594507174,23.29256784984638,3,Ranging / High-Vol,23.29256784984638,ret_5m
2018-02-02 12:50:00+00:00,8042.63,8650.0,8032.25,8500.0,769.387382,0.0546549756634,5.465497566340001,23.256021907204246,3,Ranging / High-Vol,23.256021907204246,ret_5m
2020-08-02 04:35:00+00:00,11927.63,11940.5,11100.0,11295.46,4455.356526,-0.0544558440657834,-5.44558440657834,-23.173669702953518,3,Ranging / High-Vol,23.173669702953518,ret_5m
2021-05-19 13:30:00+00:00,33601.86,35777.77,33500.04,35469.28,3296.660075,0.0540858447581644,5.40858447581644,23.01384086153448,3,Ranging / High-Vol,36.67644491310562,vol_1h
2020-03-12 23:30:00+00:00,5110.24,5197.98,4759.34,4832.6,3757.384077,-0.053859836182001,-5.3859836182000995,-22.920051754615088,3,Ranging / High-Vol,33.74655104234934,ret_15m
2018-01-16 22:45:00+00:00,9960.02,11439.0,9960.01,10510.0,847.7608,0.0532482312241029,5.32482312241029,22.657412982324185,3,Ranging / High-Vol,22.657412982324185,ret_5m
2019-10-25 15:45:00+00:00,7844.41,8270.0,7820.89,8270.0,2697.941587,0.0527288052434027,5.27288052434027,22.43638276590685,3,Ranging / High-Vol,22.43638276590685,ret_5m
2018-01-08 14:45:00+00:00,13979.95,13989.0,13206.23,13255.0,397.231794,-0.052680487203597,-5.2680487203597,-22.418205929389316,3,Ranging / High-Vol,22.418205929389316,ret_5m
2021-05-13 00:00:00+00:00,49537.15,49664.15,46000.0,47148.56,4039.134894,-0.0513186182761646,-5.1318618276164605,-21.838692784211926,3,Ranging / High-Vol,21.838692784211926,ret_5m
2020-03-13 03:40:00+00:00,5390.78,5398.73,5038.0,5121.51,2282.901816,-0.0512333493319605,-5.12333493319605,-21.802408474432685,3,Ranging / High-Vol,29.50805638716301,vol_2h
2020-03-13 02:45:00+00:00,5175.99,5276.97,4830.0,4930.1,3039.716913,-0.0510564557311283,-5.10564557311283,-21.727135322284855,3,Ranging / High-Vol,62.08954375527188,vol_15m
2017-12-08 05:35:00+00:00,14450.0,15200.01,14200.01,15200.0,73.14085,0.0506010132937895,5.06010132937895,21.530948050300058,3,Ranging / High-Vol,21.530948050300058,ret_5m
2019-02-24 14:10:00+00:00,4036.54,4036.65,3838.0,3838.0,3009.265032,-0.0504414465196418,-5.044144651964181,-21.46543177998174,3,Ranging / High-Vol,21.46543177998174,ret_5m
2018-01-16 22:15:00+00:00,9777.58,9780.02,9291.0,9300.0,558.926551,-0.0500776095054753,-5.007760950547531,-21.310609000663977,3,Ranging / High-Vol,21.957963070937048,ret_30m
2019-10-23 12:40:00+00:00,7903.83,7913.14,7516.0,7520.56,4016.800228,-0.0500053936919471,-5.00053936919471,-21.27987916140685,3,Ranging / High-Vol,21.27987916140685,ret_5m
2021-10-28 18:35:00+00:00,60886.0,60950.0,57820.0,57918.07,2431.36684,-0.0499738375316862,-4.99738375316862,-21.266451136643123,3,Ranging / High-Vol,21.266451136643123,ret_5m
2020-03-16 12:05:00+00:00,4557.63,4794.0,4554.89,4789.99,1816.169517,0.0499252572763957,4.99252572763957,21.243395050797563,3,Ranging / High-Vol,21.243395050797563,ret_5m
2017-10-24 01:20:00+00:00,5923.01,5925.0,5556.01,5635.62,139.506265,-0.0497460391866102,-4.97460391866102,-21.169516598552082,3,Ranging / High-Vol,21.169516598552082,ret_5m
2024-01-03 12:05:00+00:00,42964.97,43000.0,40850.0,40887.99,3516.69351,-0.0495487556267715,-4.954875562677151,-21.08556695115873,3,Ranging / High-Vol,21.08556695115873,ret_5m
2020-03-16 10:00:00+00:00,4820.07,4822.74,4564.01,4589.46,4019.771471,-0.0491360315504803,-4.91360315504803,-20.909941365814852,3,Ranging / High-Vol,20.909941365814852,ret_5m
2023-10-23 22:40:00+00:00,32344.13,34741.91,32310.81,33966.12,6198.17547,0.0489310055980496,4.89310055980496,20.820313280143942,3,Ranging / High-Vol,20.820313280143942,ret_5m
2020-02-19 21:45:00+00:00,9921.71,9924.28,9350.0,9450.0,5221.65609,-0.0485039050102074,-4.8503905010207395,-20.64095392353999,3,Ranging / High-Vol,20.64095392353999,ret_5m
2022-09-21 18:00:00+00:00,19867.91,19956.0,18666.0,18934.47,11061.64018,-0.0481228035172005,-4.812280351720051,-20.478784627805627,3,Ranging / High-Vol,20.478784627805627,ret_5m
2018-01-11 04:45:00+00:00,12434.18,13177.1,12276.21,13046.8,643.284463,0.0480937607937246,4.80937607937246,20.464042305702534,3,Ranging / High-Vol,21.261489437351937,ret_15m
2021-02-23 12:35:00+00:00,46188.32,48750.62,45885.68,48462.34,1514.577037,0.0480600491977316,4.8060049197731605,20.449697083024105,3,Ranging / High-Vol,20.449697083024105,ret_5m
2017-12-09 17:55:00+00:00,12638.08,13450.0,12618.0,13322.0,147.685293,0.0478179601377011,4.78179601377011,20.346681447844134,3,Ranging / High-Vol,20.346681447844134,ret_5m
2022-11-10 13:30:00+00:00,16634.84,17800.0,16548.14,17445.49,14683.85312,0.04758187137225,4.758187137225,20.246219105065258,3,Ranging / High-Vol,20.246219105065258,ret_5m
2017-09-15 14:45:00+00:00,3639.99,3777.0,3639.99,3777.0,14.320077,0.0469134513170175,4.69134513170175,19.961787761707026,3,Ranging / High-Vol,19.961787761707026,ret_5m
2017-12-10 23:05:00+00:00,15620.11,15720.12,14700.0,14905.0,179.552688,-0.0468624595102298,-4.68624595102298,-19.942473162896807,3,Ranging / High-Vol,34.85943551903961,vol_15m
2017-12-08 05:00:00+00:00,15600.01,15679.95,14820.0,14888.0,116.982695,-0.0467160359409764,-4.67160359409764,-19.880165857518957,3,Ranging / High-Vol,19.880165857518957,ret_5m
2017-09-15 14:00:00+00:00,3389.9,3523.52,3389.9,3520.0,15.248776,0.0465140632716565,4.65140632716565,19.791837028819852,3,Ranging / High-Vol,19.791837028819852,ret_5m
2019-09-24 19:45:00+00:00,7846.93,8230.0,7809.04,8220.03,2827.349232,0.0464514861975189,4.64514861975189,19.765208741530962,3,Ranging / High-Vol,31.000325131570154,vol_15m
2017-12-22 03:20:00+00:00,13078.43,13699.99,13000.0,13699.01,513.263962,0.0462392214202243,4.62392214202243,19.674884169009665,3,Ranging / High-Vol,23.528695513017897,vol_15m
2023-10-16 13:25:00+00:00,28010.0,29350.0,27990.7,29330.53,5537.8017,0.0460673637893318,4.6067363789331806,19.601753962280434,3,Ranging / High-Vol,19.601753962280434,ret_5m
2020-03-13 05:00:00+00:00,4771.5,5025.0,4759.45,4998.63,1576.510443,0.045878807410201,4.5878807410201,19.52151797325661,3,Ranging / High-Vol,19.52151797325661,ret_5m
2017-09-05 01:55:00+00:00,3740.94,3740.94,3620.0,3620.0,8.398504,-0.0458576918768116,-4.58576918768116,-19.51491656057942,3,Ranging / High-Vol,19.51491656057942,ret_5m
2018-01-17 22:15:00+00:00,11475.02,11500.0,10925.0,10950.0,467.812609,-0.0456986323147443,-4.5698632314744305,-19.447232288453506,3,Ranging / High-Vol,19.447232288453506,ret_5m
2017-11-29 05:35:00+00:00,10797.0,10800.0,10301.0,10320.0,132.476785,-0.0454605222231911,-4.54605222231911,-19.34590981514131,3,Ranging / High-Vol,19.34590981514131,ret_5m
2019-10-26 01:45:00+00:00,10307.96,10370.0,9673.0,9850.0,3068.528415,-0.0454449571174127,-4.54449571174127,-19.339286429275784,3,Ranging / High-Vol,27.579630159677826,vol_15m
2017-11-29 19:35:00+00:00,9100.04,9100.04,8700.0,8700.0,181.95344,-0.0449535856620482,-4.495358566204819,-19.13019419447053,3,Ranging / High-Vol,29.66119230876212,vwap_dist
2022-06-18 06:50:00+00:00,20360.02,20370.61,19219.2,19466.58,10262.22298,-0.0448740248987444,-4.48740248987444,-19.096338874589026,3,Ranging / High-Vol,19.096338874589026,ret_5m
2017-12-20 00:20:00+00:00,16739.03,16806.0,16026.55,16049.98,136.736369,-0.0446993822259269,-4.46993822259269,-19.022023554980798,3,Ranging / High-Vol,19.022023554980798,ret_5m
2019-10-26 00:35:00+00:00,8915.04,9333.0,8902.25,9319.98,2774.200581,0.0444207446474447,4.44207446474447,18.901071672962498,3,Ranging / High-Vol,18.901071672962498,ret_5m
2018-10-15 06:00:00+00:00,6697.68,7022.27,6696.22,7002.13,2152.081709,0.0441068620871707,4.4106862087170695,18.767505904585903,3,Ranging / High-Vol,18.767505904585903,ret_5m
2020-03-13 02:15:00+00:00,3888.65,4094.25,3782.13,4055.19,3661.412811,0.0435903872436611,4.35903872436611,18.54773147920743,3,Ranging / High-Vol,27.096819452815428,vol_15m
2017-12-20 00:35:00+00:00,15537.13,15620.2,14800.0,14876.36,238.365404,-0.0434605546129081,-4.34605546129081,-18.49486791474848,3,Ranging / High-Vol,22.678652681321516,ret_30m
2021-05-21 21:20:00+00:00,33513.81,35950.0,33488.0,34985.38,2940.238191,0.0433845225983464,4.33845225983464,18.46013034103324,3,Ranging / High-Vol,18.46013034103324,ret_5m
2017-12-03 20:35:00+00:00,11735.03,11735.03,11205.04,11237.25,67.433112,-0.0433442331455431,-4.33442331455431,-18.44536989181361,3,Ranging / High-Vol,18.44536989181361,ret_5m
2020-03-12 10:35:00+00:00,7086.25,7100.0,6710.0,6776.96,3316.329745,-0.0431942846559039,-4.31942846559039,-18.381562634672317,3,Ranging / High-Vol,18.381562634672317,ret_5m
2018-04-12 11:35:00+00:00,7629.93,8012.23,7624.92,7966.44,1900.495447,0.0431590470393938,4.31590470393938,18.36418421310769,3,Ranging / High-Vol,19.25713854053421,ret_1h
2017-12-22 14:25:00+00:00,11821.59,12410.91,11660.0,12410.9,416.714715,0.0428774080437701,4.28774080437701,18.244338979200926,3,Ranging / High-Vol,22.33621732644186,vol_15m
2021-01-11 14:15:00+00:00,31131.36,32633.0,31115.0,32493.1,4166.396704,0.0428120878426803,4.2812087842680295,18.216543415020944,3,Ranging / High-Vol,18.981296141406265,vol_15m
2017-11-12 07:30:00+00:00,6095.04,6095.04,5700.0,5840.0,76.654664,-0.0427412474658943,-4.27412474658943,-18.188782697061306,3,Ranging / High-Vol,20.171666706722494,vol_1h
2018-01-16 09:45:00+00:00,11250.63,11292.44,10653.1,10815.02,791.72985,-0.0421724620685886,-4.21724620685886,-17.946748674635195,3,Ranging / High-Vol,21.082779768775975,ret_15m
